no,가격(만원)
11769,7922.8506
11770,974.47546
11771,1182.1339
11772,708.9606
11773,2471.9324
11774,475.9528
11775,1548.7946
11776,2118.0635
11777,858.7297
11778,297.3943
11779,534.7165
11780,962.61676
11781,1052.7743
11782,1396.5533
11783,846.66943
11784,2546.8198
11785,1330.79
11786,978.77167
11787,753.0748
11788,1192.5914
11789,2036.1548
11790,947.73566
11791,1356.5205
11792,933.83777
11793,267.9415
11794,1823.2557
11795,2230.3413
11796,2989.668
11797,3392.709
11798,3343.8342
11799,1083.4474
11800,709.8165
11801,447.6434
11802,1164.3705
11803,1836.4978
11804,1182.1339
11805,1263.3549
11806,1461.4048
11807,741.8383
11808,1164.9775
11809,2135.3538
11810,2262.908
11811,2012.0402
11812,10890.689
11813,2863.9814
11814,579.4471
11815,868.0463
11816,1703.1304
11817,2367.3425
11818,438.53284
11819,776.932
11820,726.05115
11821,517.7096
11822,1322.2822
11823,3969.2332
11824,1110.143
11825,1990.1127
11826,366.42596
11827,505.9883
11828,881.97266
11829,1423.2997
11830,1661.9302
11831,2945.292
11832,1695.3076
11833,862.9288
11834,2162.63
11835,1139.2463
11836,902.94965
11837,12356.023
11838,1275.7485
11839,10618.6875
11840,1231.6069
11841,474.8669
11842,409.00098
11843,239.92476
11844,735.64185
11845,1775.3568
11846,1606.5918
11847,1119.1355
11848,1484.2963
11849,376.5451
11850,1054.4891
11851,2183.223
11852,2617.0308
11853,1381.7864
11854,721.12286
11855,1899.1522
11856,2219.4927
11857,444.31635
11858,1384.8347
11859,1161.8455
11860,654.5072
11861,567.1299
11862,3596.629
11863,706.9137
11864,1033.185
11865,549.7627
11866,717.244
11867,2944.0671
11868,744.4883
11869,1239.0071
11870,959.21063
11871,1873.1199
11872,4179.1177
11873,1514.1726
11874,1028.2155
11875,664.4043
11876,969.78467
11877,656.72046
11878,520.8825
11879,1221.5942
11880,1858.7012
11881,876.099
11882,461.15485
11883,720.71906
11884,2179.724
11885,826.39264
11886,666.53033
11887,884.82007
11888,5060.0454
11889,849.32837
11890,1017.0452
11891,1637.815
11892,708.1032
11893,891.8417
11894,640.2962
11895,2418.0728
11896,171.15201
11897,1353.9014
11898,1180.699
11899,208.82242
11900,2999.0718
11901,362.67505
11902,323.2102
11903,1014.3483
11904,551.3502
11905,4315.4463
11906,986.0795
11907,775.4944
11908,842.7501
11909,635.43365
11910,776.932
11911,502.3973
11912,1942.9418
11913,1599.4153
11914,1033.6798
11915,1853.1643
11916,300.68042
11917,886.4507
11918,413.2212
11919,911.8188
11920,720.6743
11921,473.4721
11922,396.4982
11923,704.6428
11924,3260.3335
11925,1861.9344
11926,865.4127
11927,1263.0516
11928,762.42505
11929,374.0129
11930,3068.319
11931,1056.3978
11932,2316.2834
11933,367.30896
11934,1298.321
11935,3188.5908
11936,4274.987
11937,1678.0251
11938,631.1057
11939,390.20404
11940,5666.135
11941,2417.63
11942,685.98596
11943,778.593
11944,311.62418
11945,2692.7312
11946,929.51807
11947,393.00256
11948,771.7181
11949,479.22003
11950,1910.1619
11951,324.77383
11952,2156.2139
11953,1275.7485
11954,3188.4692
11955,1013.424
11956,544.0022
11957,1120.485
11958,431.1053
11959,2572.8853
11960,558.49976
11961,227.45708
11962,1329.0632
11963,2076.2607
11964,496.16736
11965,1457.2874
11966,380.2945
11967,3200.0366
11968,542.7259
11969,1695.4954
11970,1001.20886
11971,520.5725
11972,793.503
11973,242.19325
11974,1718.0176
11975,6428.481
11976,714.0779
11977,575.2728
11978,1827.2458
11979,6428.481
11980,2996.358
11981,684.9084
11982,1281.3912
11983,1483.0234
11984,784.3666
11985,1322.2822
11986,626.33734
11987,451.31848
11988,1059.2404
11989,2049.175
11990,563.6637
11991,1239.0071
11992,769.33704
11993,737.7943
11994,1295.8551
11995,2673.144
11996,1181.2275
11997,3093.056
11998,991.3732
11999,2587.8984
12000,1010.3797
12001,1464.2744
12002,599.2258
12003,1756.8094
12004,818.6239
12005,2963.4414
12006,1532.7078
12007,2203.975
12008,1378.3218
12009,3348.846
12010,2762.9565
12011,1339.883
12012,1227.8744
12013,480.1215
12014,3767.8806
12015,993.08673
12016,654.52814
12017,1012.92444
12018,1088.438
12019,1040.8258
12020,1915.198
12021,1015.3006
12022,1852.558
12023,1231.6069
12024,704.2214
12025,171.78665
12026,496.55746
12027,840.08246
12028,1550.7667
12029,798.2409
12030,531.99194
12031,994.83124
12032,351.10193
12033,4214.23
12034,358.44205
12035,726.9778
12036,1314.3701
12037,1454.4648
12038,507.2094
12039,412.86542
12040,265.6574
12041,447.29034
12042,1449.3063
12043,644.02637
12044,917.4589
12045,725.8027
12046,379.08936
12047,2781.8677
12048,836.84015
12049,2049.175
12050,639.62134
12051,804.60046
12052,588.4523
12053,1099.805
12054,250.24025
12055,2039.8845
12056,514.8536
12057,603.12054
12058,496.96643
12059,958.00354
12060,1078.6953
12061,4835.7363
12062,2057.4111
12063,419.3269
12064,4949.997
12065,839.803
12066,2736.993
12067,1586.1628
12068,1884.3076
12069,4250.788
12070,3926.4978
12071,1425.1802
12072,386.05884
12073,826.39264
12074,1930.029
12075,2431.5972
12076,418.99414
12077,892.26025
12078,414.0585
12079,702.66943
12080,929.51807
12081,2724.6714
12082,485.6171
12083,1430.999
12084,1422.2439
12085,518.3922
12086,727.43054
12087,3723.915
12088,3046.2783
12089,928.36426
12090,776.932
12091,831.42236
12092,507.1401
12093,1728.2513
12094,420.524
12095,582.1022
12096,1088.6968
12097,723.9955
12098,1738.5844
12099,589.0659
12100,1984.0172
12101,2442.5146
12102,589.6475
12103,2287.901
12104,1880.0171
12105,1244.1917
12106,790.07654
12107,4401.6133
12108,1414.8286
12109,1023.3311
12110,1422.3878
12111,1919.6804
12112,685.27155
12113,1459.1536
12114,678.02405
12115,449.67474
12116,306.80792
12117,709.5082
12118,2242.3562
12119,710.65796
12120,2464.9802
12121,3776.5383
12122,891.6365
12123,788.6218
12124,1238.4897
12125,533.1501
12126,1723.5117
12127,4252.459
12128,861.4462
12129,737.04504
12130,617.34515
12131,1087.0051
12132,1147.7828
12133,873.52856
12134,4426.827
12135,1046.3706
12136,412.92087
12137,547.6469
12138,349.4014
12139,2764.9817
12140,639.2665
12141,401.53278
12142,900.9751
12143,1783.4126
12144,985.42737
12145,6086.171
12146,985.42737
12147,2117.6807
12148,2285.0442
12149,398.2473
12150,785.64124
12151,1485.1102
12152,3244.7046
12153,1304.1519
12154,879.7511
12155,1272.5856
12156,3570.3547
12157,1246.6962
12158,2898.823
12159,812.7774
12160,929.51807
12161,1291.7197
12162,473.84375
12163,429.68408
12164,1025.4497
12165,1207.1864
12166,893.8931
12167,557.36066
12168,2612.831
12169,1032.385
12170,1824.7255
12171,4791.9766
12172,369.94022
12173,591.6251
12174,1607.9054
12175,1666.7449
12176,4525.8594
12177,648.6946
12178,350.47742
12179,1153.903
12180,1992.8214
12181,1622.3237
12182,1034.2552
12183,1329.2655
12184,463.7659
12185,2406.323
12186,798.3907
12187,593.0717
12188,896.02026
12189,443.62952
12190,1300.8197
12191,1444.2928
12192,3644.9219
12193,402.27994
12194,489.7069
12195,1092.9846
12196,523.6664
12197,6274.2256
12198,769.11523
12199,5060.0454
12200,1849.0753
12201,374.95218
12202,3259.4253
12203,1026.6731
12204,1099.3317
12205,385.39902
12206,1197.3899
12207,445.6065
12208,2131.7212
12209,3208.1243
12210,432.45947
12211,684.53107
12212,347.8415
12213,6832.275
12214,1024.5935
12215,1221.6041
12216,1206.6824
12217,2335.5933
12218,988.11584
12219,1936.961
12220,929.51807
12221,1268.416
12222,1087.1909
12223,1387.7805
12224,2098.8806
12225,694.1943
12226,1261.5957
12227,1231.4124
12228,771.43555
12229,466.00073
12230,384.83875
12231,2986.6406
12232,709.92975
12233,652.17053
12234,1723.3062
12235,1071.5801
12236,443.62952
12237,381.80072
12238,2425.913
12239,515.32135
12240,1061.2427
12241,466.5629
12242,353.75708
12243,482.75964
12244,1103.0874
12245,744.8015
12246,609.1113
12247,1036.5073
12248,1388.6814
12249,1227.8744
12250,1910.1619
12251,1143.2332
12252,2000.4159
12253,1687.8413
12254,722.28
12255,315.91107
12256,2469.2642
12257,1347.8541
12258,906.2652
12259,414.62238
12260,751.38025
12261,2736.993
12262,1872.9956
12263,1102.005
12264,1387.5712
12265,646.8876
12266,4130.0396
12267,716.46497
12268,368.14166
12269,333.4193
12270,3246.451
12271,443.77753
12272,387.31793
12273,534.3381
12274,468.92007
12275,918.2747
12276,328.57764
12277,889.6051
12278,1047.2684
12279,507.1401
12280,2257.1216
12281,741.08563
12282,832.2551
12283,719.48157
12284,1029.6809
12285,2334.1118
12286,1754.0138
12287,1084.6509
12288,438.49994
12289,602.114
12290,2734.8384
12291,4214.23
12292,418.47537
12293,231.28491
12294,2219.3699
12295,501.72495
12296,491.3161
12297,1803.9397
12298,2001.5376
12299,730.83936
12300,465.258
12301,1633.1882
12302,2863.9814
12303,1354.0538
12304,3562.0337
12305,2572.8853
12306,3093.056
12307,1697.6914
12308,1268.416
12309,1944.9023
12310,448.69568
12311,230.09506
12312,1328.2535
12313,2673.144
12314,486.92242
12315,858.91785
12316,1726.5881
12317,542.6686
12318,623.3844
12319,484.80057
12320,1705.0101
12321,1175.2156
12322,493.9819
12323,2794.8213
12324,967.75604
12325,401.87112
12326,404.12366
12327,687.8879
12328,613.1721
12329,6924.6094
12330,1208.477
12331,965.82196
12332,986.7698
12333,1738.5844
12334,708.3843
12335,1461.4048
12336,7007.503
12337,662.3796
12338,296.32495
12339,555.00696
12340,779.8345
12341,840.0508
12342,1078.5948
12343,880.4906
12344,1145.8442
12345,500.18808
12346,1062.8882
12347,429.35275
12348,2735.9905
12349,1727.8053
12350,2650.1887
12351,1157.9578
12352,3102.6162
12353,276.59534
12354,1076.0394
12355,457.8302
12356,543.30334
12357,485.42896
12358,1095.1658
12359,408.16
12360,702.595
12361,1102.7548
12362,780.6641
12363,297.84027
12364,889.6051
12365,491.01382
12366,956.0534
12367,631.85455
12368,1339.883
12369,2223.575
12370,1260.276
12371,397.80704
12372,2986.6406
12373,2463.1196
12374,2399.601
12375,2079.1204
12376,576.1286
12377,1025.133
12378,825.0807
12379,1259.6375
12380,2110.5813
12381,516.8004
12382,1636.0529
12383,895.44214
12384,643.16296
12385,738.6971
12386,934.90155
12387,346.94537
12388,928.36426
12389,1268.9506
12390,839.99744
12391,1840.6337
12392,288.5106
12393,703.7581
12394,567.41846
12395,762.21655
12396,1309.2832
12397,1399.088
12398,169.6364
12399,267.88855
12400,412.86542
12401,654.9678
12402,1733.4268
12403,368.60596
12404,562.592
12405,524.53217
12406,1469.2295
12407,3830.8406
12408,460.26584
12409,751.7169
12410,1157.081
12411,554.0305
12412,347.9754
12413,1987.1005
12414,1218.9574
12415,885.72656
12416,801.0875
12417,1226.508
12418,423.8353
12419,1352.8203
12420,3343.8342
12421,491.5986
12422,1753.4373
12423,1992.4174
12424,1564.4796
12425,4139.269
12426,317.5815
12427,1033.4519
12428,943.84674
12429,2127.365
12430,1420.593
12431,695.1397
12432,322.81778
12433,839.5921
12434,354.51132
12435,1099.805
12436,956.76697
12437,702.92053
12438,3120.191
12439,839.803
12440,2324.581
12441,444.8805
12442,1185.2312
12443,1192.5066
12444,2150.8748
12445,415.76328
12446,373.32172
12447,1286.3735
12448,487.62534
12449,531.1864
12450,374.75018
12451,1568.6833
12452,1936.8124
12453,978.77167
12454,1027.7218
12455,947.8275
12456,3883.085
12457,433.77643
12458,1572.266
12459,3576.7705
12460,947.1943
12461,878.1835
12462,770.9719
12463,747.56165
12464,1522.456
12465,2766.6177
12466,784.0861
12467,916.3607
12468,2074.8032
12469,567.41656
12470,576.3518
12471,1712.9437
12472,508.36035
12473,355.0885
12474,2378.295
12475,2033.2971
12476,3022.2039
12477,1915.983
12478,525.8691
12479,1713.5773
12480,770.9719
12481,322.42566
12482,947.7569
12483,1399.6428
12484,3827.305
12485,5644.342
12486,956.0534
12487,2894.7412
12488,3931.3662
12489,1059.4456
12490,2627.9983
12491,2461.6372
12492,741.06616
12493,1495.6808
12494,769.11523
12495,5612.9346
12496,1314.2189
12497,499.16602
12498,604.40784
12499,1033.6798
12500,551.0808
12501,715.3389
12502,659.689
12503,994.4847
12504,3087.231
12505,1090.835
12506,548.9403
12507,6674.5234
12508,779.76227
12509,1806.901
12510,823.975
12511,315.90775
12512,1182.1339
12513,955.4334
12514,243.98088
12515,954.28894
12516,880.7352
12517,2293.6895
12518,2125.621
12519,1012.9138
12520,836.84015
12521,1725.9062
12522,1314.574
12523,759.0587
12524,298.82385
12525,513.66046
12526,681.46326
12527,745.64056
12528,449.50543
12529,744.83777
12530,562.90594
12531,662.27966
12532,618.18365
12533,2039.8845
12534,1095.0116
12535,678.40234
12536,516.698
12537,1838.3966
12538,1330.3488
12539,676.4332
12540,2483.4941
12541,1865.5917
12542,956.0534
12543,2345.9434
12544,2772.6077
12545,538.5532
12546,707.9585
12547,496.68158
12548,1140.0599
12549,2748.236
12550,3237.7817
12551,1482.2126
12552,504.19046
12553,966.60693
12554,1390.7544
12555,1364.0254
12556,1036.5073
12557,953.1494
12558,989.6107
12559,1117.2869
12560,1666.6757
12561,1012.893
12562,505.97284
12563,538.47144
12564,2203.975
12565,361.8303
12566,1343.9448
12567,1773.3987
12568,854.2247
12569,651.5961
12570,403.39893
12571,2354.2595
12572,696.30414
12573,527.88477
12574,1234.6251
12575,508.97934
12576,2464.9392
12577,3506.6736
12578,3161.1445
12579,538.3783
12580,1771.1403
12581,349.55298
12582,1495.2205
12583,2387.2007
12584,570.71515
12585,504.15747
12586,1164.9775
12587,1095.0116
12588,703.80286
12589,498.13892
12590,2576.1262
12591,1173.0134
12592,958.39417
12593,2996.358
12594,913.8908
12595,1264.5927
12596,2909.0872
12597,365.44577
12598,1124.1439
12599,647.9862
12600,1161.7395
12601,1076.9977
12602,1437.7139
12603,888.68274
12604,4179.1177
12605,633.3706
12606,1190.5198
12607,1898.9512
12608,1034.5525
12609,497.19467
12610,758.4468
12611,874.7329
12612,760.8624
12613,584.323
12614,732.5216
12615,1208.6864
12616,477.58124
12617,1573.1147
12618,619.8553
12619,1359.12
12620,1983.986
12621,769.11523
12622,465.20444
12623,260.7177
12624,3463.4614
12625,2474.601
12626,1020.0979
12627,1760.1301
12628,554.0305
12629,4240.016
12630,1801.3088
12631,1481.8937
12632,1029.6809
12633,1309.2832
12634,879.4752
12635,499.83188
12636,401.9743
12637,901.4199
12638,439.46817
12639,400.3307
12640,814.49316
12641,631.046
12642,634.60724
12643,524.40564
12644,1510.328
12645,776.932
12646,1504.1438
12647,1182.1339
12648,2426.0266
12649,470.66998
12650,1033.3325
12651,854.2247
12652,493.92313
12653,1240.3145
12654,2186.0984
12655,1515.2532
12656,952.8542
12657,484.1297
12658,547.78503
12659,1608.8547
12660,1246.1013
12661,1310.9562
12662,397.4345
12663,1030.6451
12664,1198.439
12665,622.7098
12666,1032.7744
12667,2698.5408
12668,439.52448
12669,751.43335
12670,940.9838
12671,1173.0134
12672,542.3892
12673,775.1942
12674,631.046
12675,1024.5935
12676,413.7588
12677,1582.865
12678,722.08386
12679,1945.5548
12680,456.91135
12681,1358.3329
12682,943.84674
12683,1152.8374
12684,2342.0005
12685,577.9472
12686,434.45532
12687,1950.2571
12688,1208.477
12689,1078.5948
12690,1686.8567
12691,2745.3115
12692,1115.3187
12693,901.7466
12694,943.84674
12695,1142.9899
12696,1712.9437
12697,1054.5112
12698,1082.6038
12699,2151.0583
12700,1752.1687
12701,2874.5815
12702,1782.1936
12703,1386.9913
12704,367.17255
12705,2693.7217
12706,333.422
12707,988.4673
12708,648.13226
12709,2806.5962
12710,664.8944
12711,711.30743
12712,362.96945
12713,915.114
12714,2118.8257
12715,709.92975
12716,1099.3317
12717,836.40796
12718,393.78094
12719,1256.2692
12720,1764.9048
12721,729.3048
12722,401.475
12723,754.76636
12724,1260.6676
12725,1312.8292
12726,1820.6514
12727,520.723
12728,1234.2275
12729,1054.5264
12730,1448.9978
12731,787.3453
12732,794.94354
12733,1485.5057
12734,881.2702
12735,3658.731
12736,874.10925
12737,6086.171
12738,436.73242
12739,1195.7047
12740,3203.225
12741,525.804
12742,432.23755
12743,1325.6914
12744,1119.5575
12745,1096.5627
12746,799.10913
12747,554.496
12748,2362.7202
12749,1076.5485
12750,1014.5512
12751,1048.144
12752,8207.638
12753,506.88382
12754,1410.4707
12755,624.7477
12756,599.75354
12757,1418.2361
12758,356.69772
12759,953.1735
12760,1393.3728
12761,900.9751
12762,1286.8457
12763,945.0306
12764,668.7577
12765,290.3282
12766,1010.3797
12767,1010.77765
12768,818.9249
12769,389.9642
12770,625.7953
12771,1771.687
12772,1682.855
12773,711.5561
12774,1651.0763
12775,1137.7396
12776,641.82666
12777,326.71576
12778,405.08142
12779,1353.3711
12780,3359.325
12781,1515.2705
12782,512.38055
12783,1273.1577
12784,2572.8853
12785,269.13086
12786,2006.6346
12787,966.6711
12788,3463.4614
12789,388.38614
12790,826.2581
12791,1432.327
12792,771.2252
12793,1114.8611
12794,1669.9137
12795,1642.1836
12796,671.6292
12797,406.91266
12798,483.87045
12799,737.02637
12800,740.35846
12801,924.44354
12802,435.8104
12803,1523.4844
12804,326.7178
12805,3242.5542
12806,3011.107
12807,709.456
12808,2089.1545
12809,1099.3317
12810,1401.7422
12811,1102.005
12812,1169.031
12813,774.7239
12814,470.97055
12815,996.4789
12816,1408.3496
12817,1768.4526
12818,789.4653
12819,3981.3335
12820,204.0347
12821,960.92554
12822,513.00684
12823,784.6902
12824,1663.8765
12825,852.4457
12826,1623.2706
12827,431.84274
12828,1198.6792
12829,2760.5537
12830,1388.6575
12831,668.7577
12832,3133.1152
12833,1517.4873
12834,1523.0925
12835,944.55975
12836,1105.8728
12837,590.78503
12838,793.2121
12839,2696.7432
12840,1793.3588
12841,316.1522
12842,1260.1492
12843,441.33655
12844,276.701
12845,432.15967
12846,4849.113
12847,2174.9285
12848,1102.005
12849,765.3915
12850,1120.485
12851,334.79733
12852,1715.0774
12853,3799.665
12854,2327.8748
12855,816.6362
12856,310.00488
12857,1950.2375
12858,1175.8405
12859,981.14136
12860,1365.0776
12861,545.49414
12862,1611.0554
12863,2762.9565
12864,611.3967
12865,630.93665
12866,2673.144
12867,850.074
12868,629.55475
12869,293.56204
12870,729.3048
12871,941.9923
12872,1921.7322
12873,887.5923
12874,485.5468
12875,516.8738
12876,2088.211
12877,1838.0054
12878,1161.2595
12879,901.1321
12880,895.3409
12881,2510.5857
12882,446.67963
12883,328.08847
12884,1224.9235
12885,466.4677
12886,445.64377
12887,845.1902
12888,1181.2275
12889,1436.2698
12890,2053.6965
12891,1179.2793
12892,820.47345
12893,1665.125
12894,2880.5154
12895,745.4405
12896,456.91135
12897,449.67474
12898,2070.1572
12899,607.5383
12900,736.7069
12901,692.685
12902,3254.007
12903,424.48688
12904,978.69135
12905,1388.6814
12906,985.42737
12907,727.4938
12908,1175.1017
12909,805.73914
12910,1060.2281
12911,451.73517
12912,366.30893
12913,614.3737
12914,525.52045
12915,1195.4719
12916,1622.0605
12917,2689.3796
12918,614.62024
12919,967.8951
12920,1771.698
12921,443.62952
12922,901.5524
12923,2007.913
12924,1310.9556
12925,1464.2744
12926,2572.8853
12927,482.03864
12928,1926.0259
12929,803.7692
12930,1392.8105
12931,501.72495
12932,308.02002
12933,209.4885
12934,366.17902
12935,425.07037
12936,839.803
12937,1567.4033
12938,1942.9418
12939,918.35187
12940,449.65497
12941,2863.9814
12942,1625.6564
12943,439.52448
12944,1011.14246
12945,1472.8774
12946,1609.3123
12947,518.6466
12948,908.6525
12949,6373.7817
12950,4762.612
12951,508.1498
12952,1265.3453
12953,1740.6809
12954,737.7943
12955,1000.7803
12956,496.68158
12957,2175.715
12958,1295.4426
12959,306.01782
12960,1007.434
12961,404.37756
12962,384.14963
12963,472.30746
12964,1418.2361
12965,253.77869
12966,868.0463
12967,1263.3549
12968,1026.6731
12969,407.11694
12970,420.43274
12971,587.1448
12972,454.45367
12973,479.97513
12974,271.67215
12975,461.41827
12976,2651.7668
12977,2004.4646
12978,1142.907
12979,475.53223
12980,2029.8157
12981,1921.525
12982,1013.424
12983,1205.4742
12984,911.63776
12985,2161.1313
12986,691.23737
12987,857.7607
12988,1445.7981
12989,569.084
12990,475.9528
12991,3413.2158
12992,1809.8267
12993,690.8552
12994,1178.549
12995,543.8011
12996,1155.8309
12997,1078.5948
12998,876.099
12999,1532.7078
13000,730.2289
13001,3964.1514
13002,875.1042
13003,2426.5093
13004,2805.2925
13005,1385.8997
13006,788.88275
13007,876.099
13008,3020.215
13009,333.4193
13010,634.6885
13011,2175.4463
13012,395.688
13013,400.93683
13014,1147.9055
13015,1010.3797
13016,2266.6829
13017,1570.2402
13018,1945.4545
13019,602.7419
13020,490.2709
13021,2763.0159
13022,636.2961
13023,1087.7722
13024,970.46814
13025,696.98676
13026,1056.6586
13027,1263.4121
13028,850.074
13029,1063.2783
13030,3619.0476
13031,769.33777
13032,2162.4265
13033,707.1483
13034,839.9425
13035,437.23346
13036,2572.8853
13037,257.8528
13038,730.83936
13039,295.30804
13040,985.42737
13041,1828.6918
13042,1983.931
13043,1062.8882
13044,1010.3797
13045,902.23096
13046,1967.167
13047,385.8094
13048,1826.8047
13049,1197.3132
13050,591.218
13051,1309.2863
13052,290.0452
13053,3185.5142
13054,1218.9574
13055,1651.0763
13056,697.98694
13057,1100.6384
13058,4172.7603
13059,1187.7362
13060,1471.4536
13061,286.17093
13062,379.62402
13063,1451.8984
13064,845.3217
13065,1438.4591
13066,353.28897
13067,1180.699
13068,578.48413
13069,260.5862
13070,1437.7139
13071,3109.212
13072,581.4019
13073,2034.0703
13074,1745.3562
13075,515.9555
13076,1104.2336
13077,994.83124
13078,247.21388
13079,839.0852
13080,808.35803
13081,1075.2837
13082,1756.8094
13083,1208.2446
13084,1582.4768
13085,1055.8882
13086,508.09277
13087,672.5934
13088,1161.7395
13089,1611.0554
13090,572.6037
13091,2559.0942
13092,676.9099
13093,512.38055
13094,974.749
13095,498.7481
13096,481.4038
13097,1157.9578
13098,751.38025
13099,918.35187
13100,908.09094
13101,597.139
13102,1040.8258
13103,405.30493
13104,486.89453
13105,616.88354
13106,986.3309
13107,354.33624
13108,2395.662
13109,3577.6372
13110,2647.707
13111,1185.2012
13112,818.9249
13113,333.96463
13114,1097.5471
13115,1471.4536
13116,332.43683
13117,334.9349
13118,1618.2094
13119,742.51306
13120,676.4885
13121,2572.8853
13122,3624.7798
13123,323.4281
13124,1273.4081
13125,851.21674
13126,1171.5314
13127,2533.695
13128,568.50146
13129,356.69772
13130,1006.4305
13131,1384.7019
13132,428.46164
13133,1179.0271
13134,395.25107
13135,1182.495
13136,3706.8354
13137,756.1255
13138,763.3357
13139,4734.199
13140,627.9725
13141,509.94202
13142,647.9862
13143,807.551
13144,2070.7954
13145,391.7005
13146,1951.6113
13147,414.5968
13148,1029.6809
13149,1314.4259
13150,335.33047
13151,1953.3505
13152,2264.974
13153,868.0463
13154,1046.8042
13155,1535.23
13156,879.4752
13157,2195.1243
13158,699.74835
13159,3046.2783
13160,757.32434
13161,2110.5037
13162,711.74945
13163,3208.1243
13164,2896.2024
13165,542.23865
13166,1218.0066
13167,697.3629
13168,568.5732
13169,839.803
13170,534.9595
13171,989.90314
13172,392.58423
13173,374.0728
13174,627.36395
13175,2549.084
13176,879.07477
13177,1070.288
13178,357.20978
13179,2952.3022
13180,682.74335
13181,2561.317
13182,3136.9077
13183,943.84674
13184,2931.1086
13185,1180.699
13186,714.43567
13187,370.20474
13188,1408.5532
13189,2933.3604
13190,710.65796
13191,521.16156
13192,3260.3335
13193,1100.6799
13194,545.09375
13195,1894.9681
13196,2628.6704
13197,578.20844
13198,508.6655
13199,631.2332
13200,1609.9513
13201,310.6906
13202,2007.4034
13203,876.099
13204,1911.7947
13205,3091.814
13206,1053.4911
13207,567.4778
13208,378.76035
13209,618.5883
13210,436.79712
13211,1396.5533
13212,1515.196
13213,1629.5525
13214,279.48865
13215,586.2223
13216,959.834
13217,552.24457
13218,702.92053
13219,1071.5801
13220,854.2247
13221,2794.8213
13222,538.5532
13223,5976.541
13224,945.68896
13225,1030.6451
13226,1026.6731
13227,1383.2925
13228,494.95148
13229,932.5593
13230,2540.0266
13231,945.68896
13232,1133.1973
13233,1228.7097
13234,1029.9528
13235,929.51807
13236,2117.829
13237,3070.4653
13238,1483.1642
13239,535.2251
13240,1113.772
13241,1001.70026
13242,1182.0317
13243,384.9499
13244,1247.5669
13245,591.52905
13246,2684.526
13247,3025.3018
13248,1444.6533
13249,511.03174
13250,498.417
13251,488.40674
13252,3063.803
13253,2153.1836
13254,336.7256
13255,1004.412
13256,389.4936
13257,309.5286
13258,5060.0454
13259,462.38837
13260,539.5207
13261,7885.6753
13262,596.5757
13263,1089.8899
13264,1229.3813
13265,1363.2992
13266,605.6178
13267,2549.1643
13268,6035.334
13269,2910.893
13270,1031.2085
13271,2014.7325
13272,441.5959
13273,391.9129
13274,491.27457
13275,437.0283
13276,1858.1345
13277,475.6913
13278,5180.4453
13279,926.8734
13280,2382.9727
13281,1649.4393
13282,1199.0374
13283,293.04337
13284,942.58563
13285,732.97925
13286,374.136
13287,745.9835
13288,2594.7974
13289,885.72656
13290,982.66034
13291,3930.9612
13292,1408.3496
13293,1568.6833
13294,722.28
13295,997.4411
13296,1576.6035
13297,1633.623
13298,706.22437
13299,1267.5918
13300,449.90216
13301,2583.6936
13302,772.7604
13303,948.0492
13304,466.55377
13305,665.69885
13306,921.11035
13307,1122.7263
13308,1565.7805
13309,355.0048
13310,315.91107
13311,1454.6125
13312,908.6365
13313,677.13745
13314,539.4421
13315,481.4038
13316,966.7283
13317,742.64355
13318,595.3252
13319,1609.2063
13320,601.84436
13321,1772.3617
13322,530.7224
13323,5057.261
13324,557.9179
13325,1013.0163
13326,808.0127
13327,1655.5459
13328,884.93494
13329,2890.8914
13330,2831.0112
13331,315.90775
13332,560.08484
13333,3842.5632
13334,523.8505
13335,1872.6525
13336,550.4812
13337,1552.988
13338,675.9912
13339,914.4245
13340,449.67474
13341,1184.0259
13342,2464.7146
13343,1254.7377
13344,3577.6372
13345,396.63052
13346,875.1042
13347,2456.58
13348,1098.7174
13349,1167.0526
13350,365.87308
13351,547.4392
13352,1329.4736
13353,1429.0972
13354,1946.4293
13355,2455.8748
13356,1244.0176
13357,2034.0703
13358,647.3131
13359,3693.856
13360,3827.305
13361,2621.2788
13362,4269.575
13363,682.6371
13364,1205.9882
13365,910.3822
13366,1252.7938
13367,1705.0101
13368,528.97437
13369,915.09784
13370,670.55115
13371,4764.584
13372,542.3892
13373,915.66284
13374,1018.1444
13375,3297.94
13376,861.5955
13377,2994.8147
13378,470.55597
13379,432.73572
13380,1267.5918
13381,1181.2275
13382,465.2807
13383,436.64914
13384,353.75708
13385,540.9649
13386,913.6858
13387,3362.1526
13388,945.44617
13389,1018.58136
13390,872.7483
13391,467.53128
13392,461.80783
13393,954.9665
13394,684.51373
13395,2028.2301
13396,958.69385
13397,508.36035
13398,1080.7932
13399,1645.3866
13400,1424.0823
13401,854.2247
13402,3234.1946
13403,1106.1299
13404,533.69183
13405,917.84875
13406,891.45734
13407,831.472
13408,2080.0173
13409,496.31482
13410,765.61224
13411,891.5752
13412,3332.8057
13413,418.14847
13414,2335.5933
13415,1737.4847
13416,738.1858
13417,2305.084
13418,7515.158
13419,2005.1619
13420,3463.4614
13421,1205.4742
13422,460.26584
13423,289.26907
13424,910.3822
13425,1876.9082
13426,852.4974
13427,316.40833
13428,2032.0054
13429,552.69086
13430,2420.3394
13431,782.2423
13432,1464.7217
13433,1197.3899
13434,1548.8159
13435,1924.0302
13436,478.08948
13437,769.11523
13438,2354.2595
13439,1814.0167
13440,734.5229
13441,3318.6875
13442,404.7843
13443,2693.7217
13444,356.99155
13445,1638.269
13446,397.80002
13447,800.425
13448,465.54556
13449,594.5506
13450,556.6029
13451,1460.1251
13452,2216.8706
13453,4616.412
13454,1656.4585
13455,1258.3884
13456,1328.1501
13457,1624.8073
13458,565.3031
13459,1477.7573
13460,808.29706
13461,1238.942
13462,3113.9019
13463,2173.7573
13464,1339.7513
13465,1892.7156
13466,354.08066
13467,896.3488
13468,951.83453
13469,2244.0972
13470,2218.2446
13471,3136.9077
13472,2393.4392
13473,512.38055
13474,505.97284
13475,512.38055
13476,702.16833
13477,544.6739
13478,1037.2343
13479,878.2644
13480,1297.2714
13481,1339.6842
13482,3620.9607
13483,598.7243
13484,1100.6384
13485,233.21405
13486,1178.378
13487,539.96497
13488,1924.0302
13489,494.53546
13490,2005.4526
13491,628.6167
13492,836.84015
13493,1213.9857
13494,549.6661
13495,3624.7798
13496,1025.4497
13497,701.6525
13498,1270.3411
13499,1766.3041
13500,2211.222
13501,1568.6833
13502,1006.7865
13503,774.7239
13504,460.54858
13505,1444.6533
13506,347.27206
13507,5057.261
13508,365.75693
13509,1048.3202
13510,1799.6956
13511,847.6259
13512,1224.5488
13513,434.71805
13514,953.66595
13515,3813.3835
13516,2696.7432
13517,484.94073
13518,654.3594
13519,1090.7527
13520,442.12738
13521,384.2611
13522,889.724
13523,470.96786
13524,631.046
13525,1652.0085
13526,547.87274
13527,3582.586
13528,610.5974
13529,332.43683
13530,1126.084
13531,1214.1729
13532,1909.617
13533,1175.2156
13534,616.1942
13535,1756.4758
13536,690.1806
13537,2062.1565
13538,412.5403
13539,704.6428
13540,768.6318
13541,1225.9651
13542,730.84564
13543,489.99527
13544,267.48868
13545,1339.7513
13546,951.46704
13547,2582.7905
13548,1399.0479
13549,850.6082
13550,948.0696
13551,960.8622
13552,692.7214
13553,1726.7595
13554,406.91266
13555,2998.188
13556,2618.9128
13557,931.8736
13558,3964.159
13559,839.5921
13560,1308.1633
13561,630.82306
13562,1287.103
13563,1354.2355
13564,491.88126
13565,1626.2894
13566,985.42737
13567,413.50848
13568,3779.71
13569,875.1042
13570,1062.8882
13571,453.78528
13572,1168.6243
13573,539.48846
13574,710.3041
13575,520.90015
13576,1093.0024
13577,888.40234
13578,850.6082
13579,1535.6316
13580,1403.696
13581,5448.7544
13582,1680.0399
13583,995.0184
13584,408.39203
13585,1385.4758
13586,1058.5863
13587,2434.371
13588,4567.5728
13589,2107.8835
13590,1663.767
13591,517.6339
13592,2383.555
13593,714.43567
13594,828.9274
13595,574.535
13596,310.00488
13597,748.06226
13598,227.42647
13599,698.8661
13600,2059.6611
13601,614.83813
13602,589.3158
13603,630.4267
13604,437.99475
13605,1809.8267
13606,983.6214
13607,1331.0758
13608,2956.2354
13609,549.2173
13610,363.17102
13611,1368.3843
13612,1639.0376
13613,968.10114
13614,813.2412
13615,5860.455
13616,452.91132
13617,2172.7217
13618,2799.3215
13619,271.75134
13620,1055.2131
13621,1263.4441
13622,1417.2869
13623,983.72986
13624,1095.1658
13625,1181.342
13626,834.1498
13627,1767.3948
13628,790.53
13629,512.8679
13630,960.5678
13631,461.3067
13632,857.18024
13633,276.63
13634,1705.0101
13635,2242.3562
13636,707.1206
13637,1570.2402
13638,1302.5435
13639,732.97925
13640,876.95514
13641,741.912
13642,2667.9414
13643,836.84015
13644,1369.7646
13645,881.2702
13646,656.6189
13647,7065.7188
13648,2724.2112
13649,510.74567
13650,6228.896
13651,1099.3317
13652,698.9382
13653,606.86316
13654,2478.398
13655,951.2468
13656,1252.1805
13657,983.72986
13658,1044.1979
13659,980.3263
13660,1087.0051
13661,774.0935
13662,308.7175
13663,1333.8876
13664,454.78412
13665,1070.8535
13666,1019.8413
13667,599.8805
13668,551.55756
13669,346.23865
13670,931.78375
13671,3212.703
13672,8729.878
13673,485.5468
13674,3332.2654
13675,1092.179
13676,355.77972
13677,822.85614
13678,2056.1287
13679,1333.8876
13680,916.3607
13681,897.984
13682,469.25293
13683,467.9419
13684,1948.7828
13685,2379.9055
13686,836.84454
13687,329.52066
13688,386.96167
13689,1040.8258
13690,183.16327
13691,2228.11
13692,1076.0394
13693,820.39355
13694,389.24954
13695,2335.6455
13696,1429.0972
13697,2145.473
13698,438.49994
13699,1501.078
13700,1459.1536
13701,698.3
13702,2986.6406
13703,1020.0979
13704,928.36426
13705,381.55017
13706,516.82294
13707,1564.2302
13708,1472.4305
13709,1087.7722
13710,2532.297
13711,1933.3467
13712,1229.6448
13713,1075.7863
13714,2803.7207
13715,370.93454
13716,942.2919
13717,842.73083
13718,2331.7168
13719,371.32312
13720,626.9219
13721,1731.0018
13722,553.2469
13723,593.6726
13724,2793.7988
13725,762.42505
13726,1756.4758
13727,418.8816
13728,437.90872
13729,1194.4277
13730,2538.4883
13731,1339.6676
13732,330.53168
13733,2722.569
13734,1603.2615
13735,2003.5038
13736,1095.0116
13737,996.4789
13738,445.59586
13739,666.6424
13740,807.0065
13741,1077.2181
13742,243.57225
13743,938.22235
13744,320.9054
13745,3117.1594
13746,1300.6217
13747,776.0496
13748,555.719
13749,273.47876
13750,1443.5226
13751,416.8637
13752,1064.2816
13753,716.20264
13754,854.2247
13755,1055.8882
13756,1119.0511
13757,2329.9634
13758,681.7715
13759,3093.056
13760,988.8972
13761,407.30188
13762,1087.2766
13763,202.56593
13764,531.68756
13765,974.749
13766,623.62585
13767,2572.8853
13768,717.62366
13769,1512.3782
13770,1268.416
13771,290.43976
13772,2673.9958
13773,696.25793
13774,1136.1508
13775,619.8553
13776,3093.056
13777,2175.715
13778,2999.0718
13779,1365.7019
13780,304.95142
13781,974.61505
13782,352.87717
13783,1523.0925
13784,1413.1527
13785,3900.5337
13786,650.43494
13787,2529.7507
13788,696.98676
13789,4237.703
13790,842.57996
13791,1291.8867
13792,2181.5884
13793,747.56165
13794,620.17004
13795,7287.114
13796,1775.8152
13797,1359.3853
13798,2497.352
13799,4286.0566
13800,3216.4656
13801,814.4543
13802,4592.1816
13803,1063.2783
13804,1528.7528
13805,543.42816
13806,305.2556
13807,814.4543
13808,3932.3865
13809,908.6525
13810,1237.0692
13811,1786.8337
13812,1235.9846
13813,409.00098
13814,646.23236
13815,5062.6426
13816,1096.8182
13817,589.17285
13818,2748.236
13819,488.59067
13820,389.7724
13821,1516.6802
13822,2395.662
13823,999.3583
13824,1730.5188
13825,385.8094
13826,608.89813
13827,5095.174
13828,932.7677
13829,657.4852
13830,354.8115
13831,659.2251
13832,1301.5051
13833,391.42236
13834,939.8795
13835,1201.5554
13836,4250.788
13837,1012.92444
13838,614.31915
13839,1496.5132
13840,823.14026
13841,1065.4526
13842,1361.1243
13843,2080.0173
13844,757.2245
13845,1882.2563
13846,932.9685
13847,652.50354
13848,1066.1246
13849,943.84674
13850,1022.99756
13851,629.8907
13852,1522.6268
13853,1320.3333
13854,544.16
13855,1260.1492
13856,682.048
13857,1395.1279
13858,2733.847
13859,1393.5431
13860,2030.3378
13861,843.6841
13862,345.97763
13863,468.33292
13864,778.0664
13865,863.97455
13866,1664.3029
13867,928.36426
13868,690.8552
13869,497.5566
13870,854.2247
13871,1046.1115
13872,418.14847
13873,188.8827
13874,697.3629
13875,1325.4897
13876,985.61414
13877,2342.1694
13878,2420.8186
13879,367.30896
13880,2508.9263
13881,4545.2637
13882,757.2245
13883,621.78406
13884,1564.0854
13885,804.27057
13886,1190.7772
13887,759.4234
13888,434.55
13889,1585.2102
13890,3204.6372
13891,1442.3397
13892,2642.748
13893,3664.225
13894,652.12006
13895,461.25558
13896,884.5852
13897,644.92175
13898,311.74316
13899,1055.8882
13900,143.40715
13901,1359.3438
13902,876.099
13903,715.42773
13904,1651.0763
13905,1415.5526
13906,542.3892
13907,228.07166
13908,2469.0994
13909,355.7098
13910,776.932
13911,836.6632
13912,860.9693
13913,3662.3206
13914,1087.0051
13915,656.70636
13916,775.65405
13917,608.89813
13918,949.08923
13919,1308.1633
13920,2975.315
13921,2736.993
13922,2572.3037
13923,1485.218
13924,690.8552
13925,563.2634
13926,2996.358
13927,375.20343
13928,539.06775
13929,410.51813
13930,956.76697
13931,970.46814
13932,743.2214
13933,1649.4393
13934,349.4014
13935,4347.5586
13936,769.6512
13937,4315.4463
13938,1804.3606
13939,2068.3794
13940,2330.6614
13941,2208.7075
13942,1157.7881
13943,4417.3867
13944,178.11377
13945,202.56593
13946,373.15823
13947,571.58136
13948,1072.2374
13949,938.7326
13950,1976.5913
13951,1323.7628
13952,717.1985
13953,335.4283
13954,3120.0154
13955,428.99603
13956,1440.7452
13957,702.16833
13958,2666.785
13959,439.3678
13960,2142.7
13961,9547.521
13962,356.95026
13963,416.11957
13964,435.8104
13965,297.68442
13966,2973.757
13967,685.9139
13968,1007.9799
13969,1799.5084
13970,908.2956
13971,2219.4927
13972,540.19434
13973,1450.5856
13974,4072.0295
13975,1155.8309
13976,4097.9854
13977,917.1647
13978,751.43335
13979,1976.5913
13980,315.90775
13981,845.1272
13982,342.57504
13983,383.64325
13984,3447.2898
13985,2145.5579
13986,1950.2375
13987,1136.1508
13988,851.3187
13989,453.14035
13990,1107.7709
13991,540.8678
13992,735.8737
13993,1399.088
13994,527.30475
13995,2256.6338
13996,985.42737
13997,974.50946
13998,1011.21967
13999,563.3652
14000,2794.8213
14001,590.78503
14002,5057.261
14003,1062.8851
14004,2760.8552
14005,532.0433
14006,726.05115
14007,1756.4758
14008,1372.1257
14009,985.42737
14010,371.32312
14011,945.3911
14012,2577.622
14013,911.8092
14014,469.66663
14015,279.831
14016,891.6365
14017,359.365
14018,518.6922
14019,1603.2194
14020,491.01382
14021,750.3402
14022,1988.376
14023,1812.1777
14024,335.103
14025,912.6924
14026,984.9571
14027,767.3451
14028,1253.9015
14029,878.7244
14030,693.6167
14031,1418.2361
14032,1115.2113
14033,812.44604
14034,854.2247
14035,425.3972
14036,943.79944
14037,778.22473
14038,1114.4568
14039,748.7527
14040,3240.3958
14041,1052.0394
14042,570.94666
14043,2883.555
14044,1113.772
14045,396.77048
14046,2503.5583
14047,818.9249
14048,1795.0074
14049,3610.2825
14050,956.0534
14051,658.5093
14052,1796.0449
14053,306.0849
14054,974.61505
14055,1532.7078
14056,837.8839
14057,1488.1825
14058,1369.4948
14059,1601.6299
14060,1551.3365
14061,426.3392
14062,720.1518
14063,1263.2036
14064,488.48654
14065,1308.1633
14066,1570.2402
14067,323.9624
14068,477.5922
14069,1199.4648
14070,2377.3774
14071,911.8092
14072,518.21246
14073,256.25577
14074,487.9274
14075,1591.8643
14076,2062.476
14077,771.2252
14078,867.2171
14079,1036.2278
14080,459.1999
14081,345.3508
14082,2794.8213
14083,769.11523
14084,2181.5884
14085,2014.3779
14086,1924.0302
14087,512.38055
14088,1330.9056
14089,432.2605
14090,1151.0171
14091,836.68115
14092,426.36243
14093,932.7677
14094,2884.123
14095,479.22003
14096,2078.2417
14097,4338.6846
14098,1799.5084
14099,289.11728
14100,982.00903
14101,854.2247
14102,591.2285
14103,1024.5099
14104,1149.3994
14105,803.7516
14106,1324.3807
14107,1932.2946
14108,532.6893
14109,1077.7782
14110,1096.0615
14111,864.09705
14112,352.70932
14113,624.17505
14114,463.45288
14115,471.1549
14116,1038.8469
14117,1555.534
14118,1153.903
14119,2533.1538
14120,1752.5022
14121,2007.5663
14122,3189.61
14123,987.7971
14124,624.29517
14125,314.1702
14126,307.55768
14127,3444.0356
14128,597.139
14129,1098.6162
14130,448.27365
14131,1044.1979
14132,740.6735
14133,1162.6436
14134,5060.0454
14135,1332.4148
14136,682.6576
14137,776.932
14138,750.8936
14139,914.9074
14140,1157.7881
14141,658.8179
14142,2474.601
14143,1828.1814
14144,1928.721
14145,2382.9727
14146,2059.714
14147,326.13043
14148,389.61966
14149,726.74976
14150,9490.642
14151,1170.6819
14152,1638.9437
14153,659.25726
14154,466.55377
14155,1195.9199
14156,265.35495
14157,330.8847
14158,599.47375
14159,856.48816
14160,1381.6472
14161,912.5721
14162,524.0776
14163,1060.2281
14164,590.9453
14165,4297.208
14166,4548.1084
14167,1211.0005
14168,652.12006
14169,967.4087
14170,1483.6427
14171,996.0324
14172,447.27087
14173,1495.2498
14174,989.84265
14175,889.6051
14176,2543.4094
14177,336.55396
14178,1515.2705
14179,1122.2168
14180,2199.0664
14181,921.37335
14182,347.76697
14183,2024.373
14184,963.43964
14185,1055.9875
14186,1029.7202
14187,576.9267
14188,577.99994
14189,1189.3658
14190,1164.9775
14191,4497.9194
14192,345.21344
14193,458.93597
14194,1241.394
14195,475.9528
14196,1334.7338
14197,862.28595
14198,452.22656
14199,1752.1687
14200,1200.4205
14201,712.6592
14202,1260.1492
14203,381.85474
14204,1152.8374
14205,1103.6667
14206,1015.3006
14207,1077.6321
14208,685.3403
14209,1251.9618
14210,3394.781
14211,1653.3206
14212,321.98102
14213,1090.5101
14214,1437.102
14215,985.42737
14216,449.64938
14217,449.8239
14218,1793.1107
14219,3309.3235
14220,3112.4111
14221,2760.5496
14222,577.18634
14223,1189.4106
14224,705.1094
14225,635.09686
14226,2014.9661
14227,1157.6997
14228,1268.416
14229,1055.7118
14230,497.5566
14231,823.38074
14232,1727.6075
14233,1756.8094
14234,2309.717
14235,694.5249
14236,1148.5078
14237,1209.5859
14238,928.36426
14239,289.6426
14240,927.9452
14241,594.322
14242,1470.814
14243,648.02484
14244,2625.8567
14245,1958.6302
14246,3011.107
14247,365.6534
14248,2127.9058
14249,828.9274
14250,1773.3987
14251,500.02533
14252,435.14688
14253,2185.7646
14254,1243.2395
14255,1013.0163
14256,493.79498
14257,1363.2992
14258,379.1196
14259,11436.636
14260,970.46814
14261,204.75485
14262,4842.1704
14263,402.13245
14264,1261.0209
14265,3075.716
14266,1264.7139
14267,4865.1294
14268,783.5989
14269,1008.4482
14270,918.2747
14271,505.79446
14272,469.5221
14273,726.1923
14274,485.735
14275,731.42065
14276,2267.6077
14277,1415.19
14278,282.75977
14279,370.64804
14280,4815.336
14281,1675.2317
14282,334.60443
14283,3352.3555
14284,2475.071
14285,323.4281
14286,1324.3542
14287,970.46814
14288,1353.3711
14289,580.7233
14290,566.617
14291,1066.7736
14292,2779.0972
14293,1570.2402
14294,3951.2737
14295,1735.8069
14296,368.29907
14297,3212.703
14298,878.85156
14299,502.3042
14300,804.60046
14301,5662.5903
14302,414.46246
14303,1069.5454
14304,1852.1426
14305,356.15182
14306,2464.8616
14307,1320.6855
14308,959.60815
14309,1902.9906
14310,1280.5354
14311,306.24936
14312,741.08563
14313,444.85794
14314,2596.4653
14315,1080.4388
14316,1229.6448
14317,2167.534
14318,5644.342
14319,393.1606
14320,1286.3735
14321,2474.601
14322,489.38483
14323,1461.1232
14324,889.6051
14325,991.6643
14326,1056.3978
14327,376.6834
14328,3932.3865
14329,716.0231
14330,1013.424
14331,1067.9274
14332,672.5934
14333,786.9777
14334,1010.3797
14335,1258.5469
14336,916.3607
14337,608.5696
14338,3358.9468
14339,1008.8497
14340,569.425
14341,324.77383
14342,848.466
14343,741.9931
14344,1955.5929
14345,476.17618
14346,2098.309
14347,2130.6973
14348,692.2971
14349,1195.7047
14350,450.78003
14351,632.34845
14352,1025.4076
14353,2884.7698
14354,1339.6376
14355,393.00256
14356,2463.5566
14357,1601.4877
14358,1790.6981
14359,809.4877
14360,918.35187
14361,7186.717
14362,839.803
14363,689.97003
14364,3693.856
14365,2342.1694
14366,1308.1633
14367,733.4764
14368,864.875
14369,396.01422
14370,294.17917
14371,1056.3978
14372,223.14763
14373,2425.1646
14374,1033.3503
14375,817.7064
14376,946.5737
14377,1582.865
14378,8225.381
14379,625.7343
14380,3003.7905
14381,1291.1582
14382,2358.8552
14383,978.77167
14384,861.5955
14385,2061.634
14386,668.33374
14387,801.0875
14388,1195.8606
14389,839.803
14390,656.84406
14391,408.04355
14392,1358.9935
14393,1579.2764
14394,453.12952
14395,2027.6265
14396,551.0827
14397,2433.361
14398,1087.2766
14399,926.8734
14400,297.7149
14401,1030.9713
14402,654.75665
14403,2167.4243
14404,1300.8197
14405,856.8407
14406,726.2544
14407,2523.6748
14408,3870.0461
14409,2211.222
14410,1102.005
14411,928.36426
14412,1205.4742
14413,2084.0737
14414,2345.9434
14415,537.1003
14416,4138.9766
14417,878.9497
14418,390.0328
14419,1233.4539
14420,988.439
14421,356.74002
14422,1532.7078
14423,635.90784
14424,812.6808
14425,1291.7234
14426,498.6299
14427,2757.578
14428,563.2634
14429,561.74744
14430,792.7737
14431,742.6609
14432,644.51715
14433,1203.3195
14434,3170.734
14435,1415.19
14436,8207.638
14437,3827.305
14438,627.52875
14439,716.46497
14440,1451.9719
14441,467.33228
14442,1025.7032
14443,408.15472
14444,4306.3584
14445,2406.323
14446,3273.9941
14447,534.8716
14448,875.1042
14449,774.0935
14450,3796.8535
14451,627.9725
14452,595.1777
14453,3240.3958
14454,5734.7964
14455,509.11823
14456,3286.2822
14457,1190.5198
14458,521.7754
14459,253.33504
14460,951.9945
14461,1095.0116
14462,961.8663
14463,961.13513
14464,2794.8213
14465,462.41223
14466,591.019
14467,1288.5023
14468,1033.6798
14469,1399.5327
14470,3827.305
14471,1200.2178
14472,1156.8232
14473,1875.6873
14474,881.65393
14475,1649.4473
14476,2867.5
14477,2440.0063
14478,1339.0304
14479,346.7276
14480,795.461
14481,782.6577
14482,817.0227
14483,712.53394
14484,722.08386
14485,643.30334
14486,1003.9356
14487,759.0587
14488,1105.0244
14489,2170.748
14490,2161.1694
14491,2345.9434
14492,917.1581
14493,3343.8342
14494,2736.993
14495,284.8002
14496,268.23276
14497,344.44086
14498,103.397156
14499,1634.1619
14500,481.4038
14501,900.9751
14502,728.27124
14503,1893.5493
14504,488.41232
14505,682.6576
14506,1010.3797
14507,729.3048
14508,700.335
14509,3501.1982
14510,609.2114
14511,362.96945
14512,954.9665
14513,757.1063
14514,784.0861
14515,448.00507
14516,239.74916
14517,2876.2578
14518,258.97537
14519,1293.9419
14520,538.0808
14521,602.8326
14522,1197.9209
14523,404.64227
14524,2630.5544
14525,1322.2822
14526,891.45734
14527,649.83167
14528,394.1484
14529,402.20496
14530,2175.7336
14531,448.119
14532,1538.6621
14533,5740.335
14534,929.51807
14535,1454.6125
14536,2175.715
14537,1334.4089
14538,358.47754
14539,1196.8625
14540,656.6016
14541,561.43866
14542,2459.6348
14543,558.91766
14544,3170.023
14545,746.63025
14546,1260.0181
14547,1429.0972
14548,1921.525
14549,737.7943
14550,924.9419
14551,335.8558
14552,782.2423
14553,3596.629
14554,458.25726
14555,1741.146
14556,459.1999
14557,1617.6721
14558,1215.3607
14559,974.749
14560,1699.1395
14561,3494.538
14562,2588.706
14563,237.73126
14564,460.80084
14565,2559.0942
14566,1312.248
14567,740.1616
14568,996.4789
14569,1504.4733
14570,1025.0514
14571,1105.8232
14572,4364.62
14573,1733.9346
14574,2199.0664
14575,563.2634
14576,4269.4814
14577,431.16382
14578,3083.6016
14579,1100.6799
14580,698.94586
14581,611.626
14582,1060.1194
14583,346.0061
14584,2090.003
14585,685.2264
14586,2061.3352
14587,1293.5944
14588,1962.9614
14589,779.5735
14590,980.82806
14591,341.49316
14592,723.1566
14593,2881.4375
14594,1164.9775
14595,1020.02484
14596,879.07477
14597,153.43253
14598,2279.4666
14599,3117.9238
14600,3494.538
14601,924.44354
14602,729.4437
14603,1033.6798
14604,2039.8845
14605,670.328
14606,700.3976
14607,2348.9434
14608,2382.9727
14609,3407.1484
14610,287.27756
14611,2911.043
14612,491.16095
14613,585.5638
14614,648.3982
14615,1058.7485
14616,1418.2361
14617,1067.9274
14618,1013.424
14619,610.4487
14620,384.83875
14621,984.7258
14622,587.4758
14623,247.57098
14624,753.6371
14625,1095.502
14626,1778.4011
14627,385.82062
14628,1251.9618
14629,770.9719
14630,1095.0242
14631,578.1159
14632,298.4031
14633,1200.5048
14634,916.3607
14635,1197.3185
14636,1120.485
14637,2295.1987
14638,434.55
14639,977.8354
14640,666.99207
14641,1572.69
14642,956.0534
14643,2945.292
14644,9942.864
14645,577.1218
14646,1793.4991
14647,454.75958
14648,1015.3006
14649,456.70746
14650,1263.4441
14651,5644.342
14652,886.7618
14653,1044.5817
14654,1308.1633
14655,985.42737
14656,2343.6177
14657,1981.0
14658,709.92975
14659,3094.0298
14660,954.9665
14661,1353.2703
14662,328.17322
14663,3189.61
14664,1780.8593
14665,1741.8964
14666,2611.1924
14667,732.5216
14668,1847.9174
14669,1100.6799
14670,1139.3942
14671,505.16534
14672,207.62642
14673,333.9223
14674,640.9197
14675,302.85956
14676,642.72546
14677,213.90515
14678,606.86316
14679,2080.8599
14680,2049.175
14681,501.3334
14682,3827.305
14683,1181.0376
14684,3864.192
14685,1960.4673
14686,1677.4185
14687,1852.558
14688,1019.8413
14689,1235.1638
14690,385.39755
14691,4868.565
14692,2252.9443
14693,1657.1548
14694,508.08792
14695,695.135
14696,2794.8213
14697,1699.5465
14698,3463.4614
14699,624.1041
14700,937.4009
14701,1047.2684
14702,3231.3818
14703,619.6647
14704,1188.5255
14705,2063.9773
14706,1609.3123
14707,720.8364
14708,606.6968
14709,568.33856
14710,264.653
14711,1705.3721
14712,2264.974
14713,2292.7136
14714,1388.6814
14715,1644.5311
14716,468.71912
14717,1100.6799
14718,2831.0112
14719,625.2862
14720,1208.2446
14721,2474.9802
14722,1130.2051
14723,442.05872
14724,1133.2758
14725,832.83624
14726,1501.616
14727,270.49426
14728,478.27936
14729,1273.5424
14730,555.7936
14731,2363.2297
14732,996.48083
14733,967.8951
14734,518.09314
14735,752.0027
14736,368.19098
14737,3413.3264
14738,945.68896
14739,1643.4933
14740,1265.0924
14741,322.2838
14742,345.14624
14743,722.28
14744,1481.6873
14745,1252.7382
14746,1385.8997
14747,1055.8882
14748,429.6424
14749,856.36383
14750,1068.4679
14751,2444.8672
14752,407.99225
14753,482.61917
14754,381.2473
14755,316.84906
14756,360.10913
14757,2474.601
14758,1225.834
14759,3494.538
14760,932.7677
14761,1204.7214
14762,2532.529
14763,3268.5798
14764,929.2479
14765,591.32
14766,1103.6667
14767,1721.6403
14768,1656.4585
14769,649.0872
14770,450.79944
14771,673.77576
14772,7858.3975
14773,1001.55206
14774,1758.3423
14775,460.85416
14776,1385.977
14777,803.13745
14778,552.9526
14779,428.5495
14780,318.90298
14781,412.274
14782,1872.6525
14783,967.52924
14784,883.0819
14785,360.6845
14786,319.9724
14787,3199.1514
14788,4935.071
14789,453.67014
14790,2345.9434
14791,506.73224
14792,365.37396
14793,2927.5498
14794,1381.7864
14795,494.98413
14796,554.8773
14797,4813.499
14798,457.4969
14799,1279.1484
14800,4716.867
14801,527.21735
14802,640.2962
14803,3778.9312
14804,628.5576
14805,2135.8357
14806,671.42975
14807,993.5462
14808,557.36066
14809,717.1985
14810,3371.1934
14811,5612.9346
14812,577.9472
14813,471.79767
14814,687.8879
14815,3723.915
14816,495.28647
14817,357.0974
14818,304.40338
14819,434.55
14820,960.34314
14821,710.04266
14822,440.34088
14823,854.3805
14824,1447.7297
14825,759.13916
14826,1055.8882
14827,724.7363
14828,1113.772
14829,1752.0651
14830,943.72284
14831,816.6362
14832,734.8976
14833,1517.4591
14834,431.0299
14835,688.7096
14836,1364.0254
14837,594.71277
14838,613.289
14839,1330.3672
14840,4262.279
14841,445.6065
14842,1305.1443
14843,991.09406
14844,3377.6284
14845,1415.19
14846,1814.1873
14847,782.2423
14848,357.9214
14849,1258.3884
14850,2080.0173
14851,3300.5146
14852,762.71747
14853,2026.0609
14854,932.7677
14855,383.00623
14856,771.7181
14857,469.65247
14858,595.3252
14859,1102.005
14860,900.6238
14861,1220.7346
14862,1246.1013
14863,754.463
14864,452.91132
14865,2968.5786
14866,417.18323
14867,922.42645
14868,1142.6758
14869,2291.3994
14870,2931.1086
14871,1054.5264
14872,1368.125
14873,2794.8213
14874,675.43646
14875,388.8664
14876,1205.5928
14877,1342.3225
14878,1376.9164
14879,483.92273
14880,395.01987
14881,164.88293
14882,643.8954
14883,1429.0972
14884,3735.6848
14885,1317.5552
14886,599.2401
14887,776.932
14888,458.48004
14889,1914.903
14890,751.7169
14891,7333.3765
14892,593.1933
14893,2921.9358
14894,499.4017
14895,478.8309
14896,1803.6333
14897,839.803
14898,675.65906
14899,459.1999
14900,2128.0784
14901,1147.7828
14902,4302.704
14903,7363.2974
14904,866.0678
14905,791.15
14906,467.74963
14907,4949.997
14908,796.9523
14909,438.0165
14910,1317.4998
14911,1073.8549
14912,1172.216
14913,718.8919
14914,2475.071
14915,1310.2864
14916,1104.386
14917,2290.0957
14918,793.2121
14919,1040.8258
14920,3589.342
14921,2316.985
14922,2160.2788
14923,839.9425
14924,1521.4742
14925,907.78973
14926,837.0204
14927,1179.2793
14928,495.5632
14929,2998.4482
14930,1153.903
14931,346.71252
14932,4179.1177
14933,1080.7932
14934,758.4468
14935,585.1807
14936,3433.9773
14937,216.56108
14938,456.51392
14939,457.20337
14940,1056.3978
14941,242.35995
14942,2794.8213
14943,603.9476
14944,1087.7722
14945,711.63257
14946,508.40942
14947,1339.883
14948,2199.035
14949,857.18024
14950,1681.9592
14951,824.1473
14952,421.72665
14953,576.3518
14954,447.15118
14955,608.1317
14956,454.75958
14957,649.0872
14958,377.80832
14959,807.54877
14960,215.23878
14961,2003.4789
14962,2898.3115
14963,1242.1827
14964,1016.8263
14965,1119.1355
14966,1095.0116
14967,2794.8213
14968,12221.381
14969,9673.418
14970,511.84763
14971,1164.9775
14972,1466.2852
14973,941.3172
14974,2007.5663
14975,739.1536
14976,461.34
14977,702.7893
14978,1242.1827
14979,451.31848
14980,357.20978
14981,1005.057
14982,384.83875
14983,1001.8772
14984,1552.2169
14985,874.4473
14986,1029.6809
14987,381.91483
14988,1482.0479
14989,435.8104
14990,1857.2031
14991,418.91003
14992,1790.6981
14993,2049.175
14994,320.6614
14995,1291.8867
14996,1978.6538
14997,1568.6833
14998,1373.2936
14999,1771.1597
15000,1235.4232
15001,1041.1194
15002,1502.4115
15003,1209.0792
15004,1334.7338
15005,765.72485
15006,900.0513
15007,574.7087
15008,983.51013
15009,1231.6069
15010,1965.4165
15011,878.7202
15012,1416.2789
15013,2464.8616
15014,1096.8182
15015,1370.5735
15016,1275.7485
15017,422.40628
15018,2292.2773
15019,1268.416
15020,750.9596
15021,978.77167
15022,1933.403
15023,1217.2704
15024,521.16156
15025,2985.2617
15026,1044.1979
15027,1312.2769
15028,1441.8463
15029,1017.14813
15030,1156.0858
15031,1949.2822
15032,1532.517
15033,396.1587
15034,413.96014
15035,389.3361
15036,693.13995
15037,538.5532
15038,1716.198
15039,1266.1052
15040,1373.6095
15041,769.5138
15042,872.6946
15043,951.7923
15044,7478.5405
15045,2000.6765
15046,1467.8939
15047,3394.7422
15048,1896.2668
15049,1694.981
15050,2803.7207
15051,948.39545
15052,279.30508
15053,1449.6196
15054,1164.9775
15055,513.5311
15056,1889.034
15057,2166.7378
15058,1454.1726
15059,3702.3616
15060,1111.8153
15061,981.14136
15062,509.94202
15063,2080.0173
15064,886.7491
15065,12274.532
15066,395.14716
15067,943.01086
15068,1191.5413
15069,455.01477
15070,336.07513
15071,873.52856
15072,404.64227
15073,1026.6731
15074,509.3148
15075,574.87946
15076,1176.4012
15077,858.7297
15078,1292.2252
15079,1253.5431
15080,1055.2131
15081,1119.1355
15082,1861.9344
15083,315.90775
15084,1095.6619
15085,889.6051
15086,486.9592
15087,456.21558
15088,2142.9688
15089,433.24002
15090,407.8737
15091,808.29706
15092,748.8038
15093,1312.513
15094,288.01447
15095,1015.42615
15096,762.1212
15097,487.9372
15098,876.099
15099,724.7363
15100,1331.5657
15101,1927.1959
15102,858.7297
15103,606.0648
15104,544.7415
15105,2049.175
15106,511.4548
15107,2266.6829
15108,2005.4526
15109,710.0647
15110,1220.677
15111,912.3922
15112,364.37134
15113,602.28516
15114,766.2032
15115,2493.9104
15116,648.02484
15117,2364.8367
15118,1386.9913
15119,1162.5687
15120,1636.797
15121,1336.9648
15122,1441.8463
15123,316.44028
15124,3129.1216
15125,602.46326
15126,1572.266
15127,1285.7794
15128,217.85004
15129,624.1363
15130,1658.1854
15131,1122.2168
15132,886.0674
15133,847.0531
15134,698.8661
15135,1315.3602
15136,1741.7434
15137,724.7363
15138,294.85583
15139,876.099
15140,779.8937
15141,782.89545
15142,873.3022
15143,1338.3909
15144,2255.0798
15145,5689.7695
15146,2107.4934
15147,3957.5393
15148,892.06604
15149,1801.1902
15150,493.7228
15151,3390.166
15152,1754.2339
15153,2883.555
15154,1019.3683
15155,738.732
15156,2478.313
15157,436.69235
15158,4250.788
15159,675.4868
15160,1945.5548
15161,3298.0408
15162,351.19427
15163,1803.6333
15164,496.93082
15165,2892.2622
15166,2931.1086
15167,1743.3081
15168,1194.4836
15169,319.83713
15170,513.7174
15171,757.3721
15172,1667.0605
15173,1929.4867
15174,504.5211
15175,884.6089
15176,602.25726
15177,446.6209
15178,1110.444
15179,1510.8945
15180,1210.2292
15181,195.16711
15182,290.6932
15183,704.3764
15184,1421.1185
15185,371.64178
15186,347.76697
15187,1221.6041
15188,2226.9114
15189,1334.7338
15190,469.9001
15191,1829.6875
15192,1432.9155
15193,2996.358
15194,1601.4877
15195,1055.2131
15196,279.37512
15197,425.94714
15198,5576.9062
15199,3148.3599
15200,164.46234
15201,950.218
15202,777.2926
15203,907.24
15204,344.44086
15205,1102.691
15206,974.837
15207,646.8876
15208,1171.7511
15209,978.77167
15210,627.9725
15211,970.46814
15212,383.8511
15213,2896.2024
15214,1265.5857
15215,242.42471
15216,945.44617
15217,1782.1936
15218,1095.6619
15219,857.18024
15220,1258.5469
15221,1008.04535
15222,901.4005
15223,3161.1445
15224,671.57086
15225,561.18365
15226,1053.8195
15227,326.88974
15228,1213.2292
15229,1008.8497
15230,473.91302
15231,485.5691
15232,1342.741
15233,527.0494
15234,670.55115
15235,1105.341
15236,597.8319
15237,454.2396
15238,1510.6927
15239,1892.5215
15240,1485.6538
15241,1799.6079
15242,466.28052
15243,359.82562
15244,934.9913
15245,775.4944
15246,2319.1648
15247,3596.629
15248,1205.9939
15249,3188.5908
15250,1095.1072
15251,2996.358
15252,1059.1205
15253,2059.714
15254,948.0492
15255,452.42413
15256,2723.2134
15257,347.1397
15258,449.84262
15259,1001.2648
15260,779.8345
15261,2336.312
15262,1852.558
15263,715.0681
15264,2334.1118
15265,929.51807
15266,216.29288
15267,2749.4937
15268,1469.864
15269,1889.9816
15270,844.9743
15271,1723.8743
15272,9501.818
15273,588.4911
15274,404.3281
15275,1309.2832
15276,2183.223
15277,842.57996
15278,474.45435
15279,3272.1052
15280,1944.9023
15281,449.05692
15282,2186.8743
15283,1223.5873
15284,952.8542
15285,2600.9614
15286,1055.8882
15287,848.7273
15288,854.2247
15289,1417.2869
15290,1955.0276
15291,1176.7039
15292,394.97568
15293,984.38275
15294,1294.9049
15295,918.97595
15296,1609.2063
15297,486.22473
15298,797.96545
15299,1964.2429
15300,4031.7898
15301,1030.6451
15302,656.6016
15303,774.7239
15304,1079.1665
15305,3343.8342
15306,928.36426
15307,1472.8464
15308,377.9946
15309,610.04126
15310,622.6232
15311,526.9998
15312,2419.6086
15313,752.94543
15314,1140.245
15315,1749.0984
15316,967.11414
15317,745.64056
15318,1573.1807
15319,298.79068
15320,1248.8398
15321,488.40674
15322,1483.0234
15323,1269.6266
15324,467.24988
15325,515.8594
15326,899.45557
15327,608.3711
15328,621.6053
15329,1300.8197
15330,1668.032
15331,649.5574
15332,1569.3887
15333,371.5581
15334,465.19287
15335,1087.7722
15336,2336.7131
15337,2693.7217
15338,419.50836
15339,1640.6768
15340,1760.2343
15341,2918.8406
15342,4935.071
15343,974.61505
15344,947.73566
15345,5504.0938
15346,1645.564
15347,2175.715
15348,1137.5311
15349,843.5608
15350,434.36707
15351,1227.8744
15352,750.91583
15353,1820.6367
15354,546.84406
15355,664.67725
15356,2251.7356
15357,2230.3413
15358,1138.4408
15359,958.5763
15360,1696.0916
15361,1227.8744
15362,886.0674
15363,930.2061
15364,854.2247
15365,357.3755
15366,4130.0396
15367,394.47037
15368,831.312
15369,1390.9634
15370,956.0534
15371,1036.5073
15372,381.34357
15373,643.2625
15374,187.00845
15375,828.9274
15376,1484.2615
15377,3192.8645
15378,1119.1355
15379,878.0867
15380,1252.7938
15381,4250.788
15382,2078.0366
15383,265.886
15384,1188.1257
15385,1666.5198
15386,402.72284
15387,357.20978
15388,2862.856
15389,677.0082
15390,1398.1556
15391,975.15576
15392,444.8805
15393,1211.8185
15394,1066.7736
15395,590.35455
15396,1167.2175
15397,3767.478
15398,922.42334
15399,836.84015
15400,642.72546
15401,1188.8545
15402,418.99414
15403,411.75052
15404,2474.601
15405,1272.3541
15406,1020.02484
15407,450.31668
15408,2085.1726
15409,1062.8882
15410,1220.7346
15411,437.23346
15412,377.9946
15413,491.01382
15414,1495.7021
15415,921.0207
15416,925.0289
15417,187.46802
15418,1105.1115
15419,2415.7622
15420,1032.7744
15421,1093.3358
15422,3136.9077
15423,3361.2192
15424,629.5385
15425,998.9705
15426,393.49643
15427,1552.1473
15428,312.448
15429,1305.156
15430,952.204
15431,302.85956
15432,3031.207
15433,474.11487
15434,540.19434
15435,1393.4387
15436,821.5639
15437,5410.42
15438,1651.0763
15439,517.01825
15440,550.7921
15441,916.3607
15442,2178.669
15443,508.09277
15444,1866.3413
15445,725.35364
15446,904.4552
15447,1649.4393
15448,324.66046
15449,915.79095
15450,512.8679
15451,1263.3549
15452,1222.4948
15453,4567.5728
15454,2030.8192
15455,631.4853
15456,1019.8413
15457,791.28564
15458,931.9857
15459,2263.815
15460,647.098
15461,1733.4268
15462,2345.9434
15463,554.49524
15464,348.69534
15465,3705.69
15466,400.8255
15467,2996.358
15468,300.68042
15469,558.5953
15470,1609.3123
15471,1652.0715
15472,3144.416
15473,1434.9512
15474,727.9337
15475,1399.5327
15476,608.2444
15477,2572.8853
15478,387.95914
15479,954.1432
15480,1415.19
15481,456.70746
15482,1434.9512
15483,1492.2456
15484,1902.5566
15485,1591.8643
15486,344.44086
15487,1136.1508
15488,690.10706
15489,2808.0828
15490,1062.8882
15491,1075.7863
15492,358.44205
15493,1298.2412
15494,3240.3958
15495,1248.3953
15496,941.1002
15497,1611.0554
15498,960.3349
15499,702.595
15500,2145.473
15501,1384.6694
15502,889.6051
15503,455.9636
15504,754.76025
15505,566.5764
15506,1322.2822
15507,1873.1199
15508,870.6077
15509,6274.2256
15510,1589.9233
15511,943.84674
15512,2881.4375
15513,3582.316
15514,415.95172
15515,3110.7754
15516,2399.8667
15517,1167.4414
15518,563.2634
15519,522.3216
15520,491.27457
15521,1071.465
15522,419.919
15523,643.2625
15524,785.64124
15525,1681.9592
15526,1843.1512
15527,1105.8728
15528,981.14136
15529,910.3822
15530,2853.5918
15531,549.4482
15532,929.51807
15533,705.80194
15534,2041.973
15535,387.55225
15536,1030.1056
15537,561.5685
15538,1580.966
15539,1167.2175
15540,2794.8213
15541,2387.0754
15542,803.13745
15543,2253.2153
15544,729.1471
15545,836.5737
15546,453.67014
15547,3909.3916
15548,1095.1072
15549,426.87955
15550,479.8692
15551,943.84674
15552,1132.2648
15553,1516.4342
15554,1099.805
15555,822.44574
15556,1040.8263
15557,1296.2256
15558,366.02112
15559,1669.102
15560,4604.248
15561,952.7414
15562,408.69318
15563,447.99695
15564,850.6082
15565,776.932
15566,3481.5447
15567,2039.8845
15568,945.44617
15569,416.8637
15570,1179.2793
15571,618.1984
15572,2514.108
15573,558.5953
15574,858.91785
15575,231.60645
15576,1214.6
15577,3432.9521
15578,508.09277
15579,908.11743
15580,461.23132
15581,1901.4868
15582,1333.1233
15583,1132.7203
15584,12713.406
15585,1105.0244
15586,915.114
15587,380.2945
15588,2996.358
15589,826.39264
15590,2956.2354
15591,1774.6565
15592,729.93713
15593,1660.1233
15594,1586.2378
15595,1399.6649
15596,1348.2717
15597,6561.6094
15598,690.8552
15599,657.4852
15600,2760.0256
15601,1802.8735
15602,839.803
15603,1199.7379
15604,2175.715
15605,2085.1726
15606,1568.6833
15607,2078.461
15608,604.3178
15609,815.4005
15610,3208.1243
15611,405.08142
15612,384.16266
15613,907.7542
15614,493.7228
15615,1314.9045
15616,660.2633
15617,1120.485
15618,488.40674
15619,355.99347
15620,1981.3346
15621,970.90924
15622,835.97363
15623,1381.0316
15624,4250.788
15625,1723.8496
15626,1841.3671
15627,283.99918
15628,377.9946
15629,3574.4512
15630,916.3607
15631,684.53107
15632,1759.0035
15633,1087.7722
15634,192.59688
15635,1573.1807
15636,3140.4768
15637,2978.946
15638,3170.734
15639,1157.3616
15640,1824.7255
15641,395.24164
15642,1144.9275
15643,442.14893
15644,1281.3912
15645,797.6668
15646,1078.5948
15647,865.2748
15648,3322.0198
15649,3842.7502
15650,350.97266
15651,1062.8882
15652,1586.7056
15653,1582.0745
15654,814.4543
15655,1030.0033
15656,1209.0792
15657,790.364
15658,785.6694
15659,1095.1072
15660,952.8542
15661,449.67474
15662,485.5468
15663,1195.1189
15664,661.27686
15665,619.6276
15666,1110.7397
15667,989.1956
15668,1276.2826
15669,876.099
15670,651.15845
15671,850.2449
15672,429.0194
15673,331.4251
15674,745.64056
15675,979.89124
15676,2736.993
15677,956.76697
15678,1255.1443
15679,413.2212
15680,704.3337
15681,431.77692
15682,666.57715
15683,422.5848
15684,2475.071
15685,603.33984
15686,1176.4012
15687,566.2101
15688,824.006
15689,1305.1443
15690,222.56448
15691,1957.147
15692,543.90656
15693,1417.2869
15694,905.15106
15695,641.4645
15696,542.23865
15697,1200.848
15698,769.11523
15699,1205.9939
15700,1358.0814
15701,741.08563
15702,689.9107
15703,2343.6177
15704,560.4756
15705,1181.342
15706,770.9719
15707,674.2731
15708,1016.8263
15709,413.7588
15710,487.72693
15711,390.38892
15712,280.8414
15713,490.05872
15714,826.8153
15715,676.4885
15716,748.6182
15717,764.5434
15718,413.96014
15719,392.55606
15720,484.84735
15721,774.0207
15722,2080.0173
15723,2698.7957
15724,2340.119
15725,355.06506
15726,1020.713
15727,1584.8729
15728,412.92087
15729,1073.7078
15730,744.41077
15731,764.3102
15732,447.36945
15733,1453.8577
15734,746.52405
15735,1341.9908
15736,2022.4703
15737,550.7048
15738,685.27155
15739,921.9211
15740,417.18323
15741,600.65314
15742,3693.856
15743,1359.9277
15744,379.1196
15745,616.0486
15746,1949.2822
15747,1620.5312
15748,3120.0154
15749,1649.2914
15750,943.84674
15751,1826.1669
15752,547.6469
15753,635.59845
15754,609.3563
15755,856.88074
15756,364.98267
15757,729.3048
15758,845.1902
15759,583.2469
15760,147.14102
15761,947.73566
15762,1128.5336
15763,1601.4877
15764,936.5117
15765,1809.8258
15766,1485.3179
15767,3664.225
15768,1353.5642
15769,643.35315
15770,516.63605
15771,417.33142
15772,3129.1306
15773,1040.8258
15774,591.92786
15775,564.28326
15776,290.56442
15777,4859.207
15778,407.8737
15779,809.79456
15780,771.2252
15781,1020.02484
15782,2944.2876
15783,896.0237
15784,2693.7217
15785,820.8092
15786,1462.9697
15787,945.44617
15788,395.688
15789,4170.0625
15790,1132.7203
15791,842.9187
15792,724.7363
15793,970.46814
15794,2628.6704
15795,438.49994
15796,537.98236
15797,1012.92444
15798,1605.2646
15799,1217.375
15800,1322.2822
15801,785.64124
15802,433.94876
15803,6101.2134
15804,264.76083
15805,406.91266
15806,309.9884
15807,506.8296
15808,1549.0377
15809,1025.133
15810,275.54895
15811,358.1121
15812,307.55768
15813,1649.3047
15814,765.0663
15815,2819.2534
15816,311.9589
15817,1828.6918
15818,349.1669
15819,1853.7754
15820,1484.229
15821,582.6324
15822,1586.0538
15823,1829.4283
15824,860.9952
15825,3102.2256
15826,356.15182
15827,836.5737
15828,4592.1816
15829,970.46814
15830,491.36377
15831,8081.4927
15832,854.2247
15833,825.0807
15834,1053.8195
15835,901.1166
15836,784.1082
15837,443.58542
15838,567.477
15839,291.88947
15840,1944.9023
15841,677.0195
15842,3260.9773
15843,615.44336
15844,396.4897
15845,947.7569
15846,1642.1075
15847,734.8976
15848,1008.8497
15849,1493.8549
15850,1048.098
15851,1019.92944
15852,720.1518
15853,784.1082
15854,624.06805
15855,383.91864
15856,876.099
15857,2127.9058
15858,929.51807
15859,775.2793
15860,742.874
15861,702.595
15862,1180.7012
15863,670.00696
15864,1249.3328
15865,538.5532
15866,1334.7338
15867,1057.4259
15868,1712.9437
15869,941.3172
15870,1564.5303
15871,422.62277
15872,953.66595
15873,681.529
15874,608.73004
15875,1041.533
15876,1443.5226
15877,2131.7212
15878,685.8015
15879,642.6837
15880,867.04034
15881,796.82214
15882,1033.6798
15883,1215.7446
15884,366.11423
15885,1584.8729
15886,612.6742
15887,4220.985
15888,317.77298
15889,1194.4386
15890,746.2717
15891,2388.6702
15892,304.95142
15893,3410.1045
15894,492.6405
15895,1801.1232
15896,1097.5471
15897,264.8716
15898,1585.0151
15899,3078.1553
15900,3231.3818
15901,1823.2557
15902,2728.8308
15903,511.43158
15904,1213.2292
15905,902.4864
15906,307.5827
15907,627.36395
15908,1261.922
15909,885.72656
15910,524.53217
15911,918.35187
15912,2006.9103
15913,1342.741
15914,464.74048
15915,649.84467
15916,7482.379
15917,2996.358
15918,902.88416
15919,199.76938
15920,1263.0607
15921,389.98212
15922,732.1785
15923,725.5757
15924,948.39545
15925,186.79333
15926,1095.0242
15927,958.1106
15928,754.76025
15929,8081.4927
15930,1646.9622
15931,2788.7566
15932,1347.8541
15933,3066.9116
15934,1059.071
15935,542.6323
15936,2049.175
15937,2196.4358
15938,924.7013
15939,707.3712
15940,818.9249
15941,2475.071
15942,558.3981
15943,1289.4749
15944,562.47186
15945,3155.6006
15946,2121.8267
15947,529.8216
15948,253.33078
15949,277.80862
15950,1626.2894
15951,474.8669
15952,387.20352
15953,943.84674
15954,497.59036
15955,1101.4613
15956,916.3607
15957,748.51355
15958,3109.212
15959,1067.825
15960,398.6155
15961,1162.6436
15962,3679.9565
15963,5030.9478
15964,843.21497
15965,4130.0396
15966,1184.1237
15967,2390.4917
15968,427.9044
15969,1170.6053
15970,347.76697
15971,829.4088
15972,1008.8497
15973,916.3607
15974,465.95108
15975,885.72656
15976,740.3408
15977,644.02637
15978,386.52457
15979,1337.3618
15980,876.099
15981,1111.4774
15982,422.99725
15983,1175.2156
15984,393.36346
15985,552.3016
15986,979.7804
15987,1754.2339
15988,1029.6809
15989,679.25525
15990,358.79425
15991,1171.3134
15992,316.96292
15993,1122.22
15994,2933.3604
15995,943.72284
15996,1010.77765
15997,461.4463
15998,1071.3734
15999,588.384
16000,836.3417
16001,907.7542
16002,418.00897
16003,718.06165
16004,878.7202
16005,981.14136
16006,2330.2446
16007,2107.8835
16008,1352.8203
16009,1416.2789
16010,617.03326
16011,449.65497
16012,1231.6069
16013,2343.6177
16014,812.59894
16015,2080.0173
16016,413.44995
16017,1195.7047
16018,1620.9271
16019,488.72818
16020,2360.1294
16021,463.2394
16022,1075.7863
16023,664.8185
16024,878.7244
16025,973.3867
16026,1090.5736
16027,818.28357
16028,2806.397
16029,1188.9958
16030,3746.7554
16031,1412.0869
16032,1928.721
16033,663.5301
16034,880.4906
16035,1491.6718
16036,419.6084
16037,476.86612
16038,1397.1285
16039,6170.3423
16040,3506.6736
16041,487.9372
16042,533.8701
16043,444.31635
16044,535.5924
16045,859.2193
16046,801.0875
16047,947.73566
16048,1756.8094
16049,1362.7983
16050,517.3051
16051,2578.4253
16052,802.0645
16053,938.8769
16054,1084.6509
16055,1827.1821
16056,970.90924
16057,1033.3503
16058,1162.6436
16059,685.3403
16060,2228.3354
16061,422.5848
16062,1203.3195
16063,2127.9058
16064,1274.9714
16065,670.76025
16066,3158.043
16067,402.27994
16068,575.92773
16069,456.70746
16070,2180.3293
16071,2668.8643
16072,1220.5518
16073,2008.4073
16074,499.54727
16075,1162.7379
16076,595.23193
16077,952.8542
16078,1036.5073
16079,2126.4832
16080,953.1494
16081,2328.6199
16082,930.2061
16083,1304.1519
16084,414.6402
16085,4714.7983
16086,409.11105
16087,362.6142
16088,363.7525
16089,486.91663
16090,2022.729
16091,486.92242
16092,447.60104
16093,1645.8608
16094,1015.3006
16095,1164.953
16096,431.21906
16097,878.3533
16098,1021.8493
16099,1910.1619
16100,418.49557
16101,1482.0479
16102,1176.1863
16103,2226.1733
16104,246.42982
16105,581.5722
16106,2554.2
16107,1018.55756
16108,1088.7633
16109,1211.0005
16110,8299.3
16111,970.46814
16112,3492.6187
16113,2702.1565
16114,2459.2007
16115,636.9224
16116,3061.419
16117,981.14136
16118,1445.9651
16119,2578.0723
16120,1018.1784
16121,977.7612
16122,1418.2361
16123,1313.8734
16124,599.47375
16125,1392.3054
16126,380.85455
16127,1738.8572
16128,1803.536
16129,1328.1501
16130,1491.6362
16131,606.86316
16132,521.4843
16133,4616.412
16134,729.3048
16135,492.0371
16136,929.51807
16137,643.2625
16138,2390.039
16139,1263.0107
16140,1568.6833
16141,1548.7473
16142,803.6841
16143,1068.832
16144,1036.5073
16145,410.2384
16146,1600.6512
16147,2180.6372
16148,665.8794
16149,10674.282
16150,3008.8728
16151,916.3607
16152,2226.1733
16153,854.7734
16154,320.41733
16155,1574.528
16156,770.9719
16157,413.02985
16158,2043.7594
16159,578.48413
16160,1756.4758
16161,635.11566
16162,3343.8342
16163,1066.1246
16164,579.3845
16165,1129.5186
16166,482.75964
16167,986.8856
16168,1330.3488
16169,1099.805
16170,618.9338
16171,2088.999
16172,706.99194
16173,1144.9275
16174,1639.5709
16175,544.7832
16176,347.75964
16177,2041.973
16178,1469.4363
16179,424.48688
16180,710.65796
16181,998.46234
16182,2143.1028
16183,792.7737
16184,1588.388
16185,777.9672
16186,1158.6388
16187,857.60144
16188,948.39545
16189,1234.2275
16190,1162.6985
16191,1463.6017
16192,1649.4393
16193,1068.1885
16194,1231.3683
16195,671.70715
16196,755.5935
16197,367.69696
16198,1643.1052
16199,795.19635
16200,1111.2938
16201,4055.3418
16202,1030.502
16203,478.30222
16204,395.14716
16205,2378.3335
16206,756.0139
16207,438.04395
16208,2635.2454
16209,724.46094
16210,7007.503
16211,1032.7744
16212,303.90414
16213,2762.9565
16214,1792.5188
16215,3360.934
16216,3949.7324
16217,501.88773
16218,1075.7863
16219,2107.6865
16220,1055.2131
16221,260.84766
16222,1318.8838
16223,1605.2906
16224,720.2271
16225,497.18207
16226,985.42737
16227,606.6968
16228,1491.6718
16229,641.24274
16230,801.0875
16231,2621.7502
16232,889.6051
16233,932.9685
16234,747.56165
16235,6561.6094
16236,1865.5917
16237,737.7943
16238,995.0079
16239,1483.0234
16240,2345.9434
16241,1946.4293
16242,1606.1809
16243,3533.1328
16244,1161.7395
16245,419.50836
16246,524.53217
16247,1279.2247
16248,854.2247
16249,1036.5073
16250,1189.4106
16251,1087.7722
16252,5658.1523
16253,4849.113
16254,426.46658
16255,711.7865
16256,4236.3613
16257,1938.6243
16258,1235.9846
16259,1194.2898
16260,952.7132
16261,493.50583
16262,1171.6152
16263,1220.7207
16264,489.7069
16265,509.94202
16266,361.71768
16267,2387.2007
16268,1470.9355
16269,775.1942
16270,307.68924
16271,476.13135
16272,1913.314
16273,1238.3362
16274,570.2073
16275,529.64294
16276,1729.0547
16277,1481.6873
16278,524.53217
16279,1242.0737
16280,1661.9302
16281,509.94202
16282,985.42737
16283,2010.1846
16284,981.2795
16285,227.42647
16286,523.874
16287,493.92313
16288,542.8143
16289,476.17072
16290,943.72284
16291,2981.1465
16292,1279.4316
16293,509.94202
16294,671.9966
16295,547.7212
16296,554.8391
16297,810.1256
16298,541.0929
16299,449.82455
16300,324.7928
16301,1966.5646
16302,665.69885
16303,599.9025
16304,486.02008
16305,2330.906
16306,2858.2112
16307,948.7124
16308,1105.8728
16309,452.42413
16310,3773.6719
16311,609.8522
16312,2369.0156
16313,1312.2769
16314,1533.8235
16315,508.40552
16316,2522.6301
16317,1095.1072
16318,481.63687
16319,2980.0347
16320,628.5576
16321,1436.6571
16322,1892.7156
16323,1949.2822
16324,2794.8213
16325,1388.6814
16326,2962.4563
16327,1115.0542
16328,291.49533
16329,839.69714
16330,885.86816
16331,3919.8027
16332,407.11694
16333,440.96527
16334,2831.0112
16335,1840.4492
16336,526.37177
16337,242.30496
16338,721.81116
16339,498.417
16340,2672.8035
16341,538.9094
16342,2804.221
16343,363.17102
16344,1190.7471
16345,1024.5099
16346,1470.814
16347,2587.8984
16348,3046.2783
16349,945.44617
16350,3403.3867
16351,250.43416
16352,526.7103
16353,351.10193
16354,1979.4545
16355,513.1221
16356,904.33734
16357,1799.6956
16358,399.79657
16359,387.67102
16360,3152.1345
16361,2876.2578
16362,433.99896
16363,1980.3083
16364,1747.8286
16365,558.3223
16366,444.2019
16367,1303.0886
16368,1633.623
16369,1167.2175
16370,1783.7521
16371,1902.9906
16372,448.12564
16373,1651.0763
16374,1233.7175
16375,768.8975
16376,3624.7798
16377,648.02484
16378,476.17072
16379,2884.123
16380,616.12506
16381,1547.9116
16382,1259.9412
16383,551.3781
16384,1333.4065
16385,538.5532
16386,1307.9518
16387,839.9425
16388,687.3579
16389,1838.4719
16390,1067.9274
16391,498.7481
16392,709.92975
16393,1175.8405
16394,1234.2275
16395,1964.9215
16396,2183.223
16397,1260.1017
16398,376.9612
16399,858.91785
16400,550.3069
16401,5860.455
16402,1225.4445
16403,877.06525
16404,1892.5215
16405,1134.4949
16406,1328.2535
16407,534.6838
16408,568.67883
16409,571.06696
16410,291.08096
16411,1195.8606
16412,1204.219
16413,2086.336
16414,643.5031
16415,1057.9086
16416,1263.0721
16417,2208.3198
16418,456.70746
16419,846.66943
16420,1077.0347
16421,770.2582
16422,2878.9988
16423,861.1103
16424,741.2045
16425,1128.456
16426,3459.6506
16427,302.85434
16428,2611.1838
16429,1087.8019
16430,6086.171
16431,1399.088
16432,1770.5134
16433,1720.3174
16434,485.5468
16435,714.43567
16436,250.24025
16437,1925.2909
16438,2931.1086
16439,482.5959
16440,463.7659
16441,526.7103
16442,293.92914
16443,1827.2458
16444,1288.5023
16445,532.3936
16446,2755.4097
16447,560.08484
16448,324.5347
16449,866.65717
16450,1568.6833
16451,4043.3018
16452,942.72015
16453,308.5418
16454,832.4256
16455,2070.0764
16456,796.93134
16457,1053.9829
16458,3248.0464
16459,2052.6191
16460,770.9719
16461,4545.8965
16462,809.35046
16463,2631.9539
16464,2895.8652
16465,853.29175
16466,496.64267
16467,1972.4945
16468,474.11487
16469,528.2178
16470,1230.3562
16471,1532.7078
16472,459.24356
16473,2287.901
16474,422.1766
16475,434.35504
16476,189.08844
16477,6908.1304
16478,570.4037
16479,2696.7432
16480,1141.342
16481,347.9754
16482,567.73
16483,2548.4688
16484,723.1566
16485,546.52856
16486,1756.4758
16487,443.62952
16488,947.73566
16489,1147.5966
16490,1517.1913
16491,1330.3488
16492,901.5232
16493,1098.7174
16494,1205.4742
16495,1506.9606
16496,1578.2496
16497,1063.4143
16498,929.51807
16499,1623.2706
16500,4858.841
16501,3389.8105
16502,581.7422
16503,1120.8043
16504,925.1861
16505,595.971
16506,1295.4705
16507,1670.8494
16508,1142.907
16509,1210.2292
16510,2497.352
16511,1359.3606
16512,3129.1216
16513,7482.379
16514,1014.43787
16515,1812.5634
16516,929.51807
16517,7169.7373
16518,1272.8042
16519,2792.0283
16520,1797.2689
16521,1887.0398
16522,1307.8812
16523,561.46497
16524,1111.6796
16525,1522.456
16526,408.06403
16527,626.56836
16528,458.55804
16529,439.71692
16530,2029.9387
16531,1289.8828
16532,1738.5844
16533,1134.0468
16534,956.76697
16535,3377.1128
16536,739.7945
16537,228.75885
16538,1687.7488
16539,1789.5442
16540,1332.6171
16541,2258.4292
16542,2157.6555
16543,645.9901
16544,956.76697
16545,4024.5427
16546,943.84674
16547,458.4958
16548,412.86542
16549,611.3967
16550,764.5434
16551,2510.1067
16552,607.4136
16553,1078.7488
16554,392.66248
16555,826.39264
16556,498.69662
16557,918.97595
16558,3143.927
16559,487.61136
16560,2999.0718
16561,3075.716
16562,797.17413
16563,2117.829
16564,425.6563
16565,1566.2273
16566,634.81305
16567,2475.071
16568,1012.6735
16569,1175.2156
16570,814.2879
16571,1578.2872
16572,836.84015
16573,658.8025
16574,881.2702
16575,1501.7278
16576,163.79889
16577,1095.1658
16578,1044.1979
16579,196.37119
16580,1464.4756
16581,1626.2894
16582,411.11884
16583,2308.1365
16584,426.2962
16585,2752.299
16586,1069.57
16587,1922.6364
16588,654.0391
16589,1008.8497
16590,518.2451
16591,591.88855
16592,1556.3826
16593,2625.8567
16594,921.37335
16595,3634.6028
16596,251.6109
16597,517.8256
16598,1187.7362
16599,377.80832
16600,543.18915
16601,1044.1979
16602,1180.7012
16603,355.04962
16604,1427.9882
16605,4707.2803
16606,364.96136
16607,12774.678
16608,2638.151
16609,1717.2537
16610,340.94113
16611,1845.8423
16612,3947.412
16613,1418.2361
16614,834.4879
16615,1801.1232
16616,3558.118
16617,5439.61
16618,1005.9699
16619,463.7659
16620,422.563
16621,776.3057
16622,914.5214
16623,282.5976
16624,1607.9054
16625,333.47415
16626,415.20444
16627,1785.8025
16628,2690.4087
16629,1093.4553
16630,379.3446
16631,1557.7965
16632,1092.0894
16633,1148.652
16634,802.4208
16635,1985.3816
16636,538.0808
16637,854.2247
16638,1484.2963
16639,1226.5145
16640,853.8011
16641,904.596
16642,1876.9082
16643,2157.6555
16644,448.18005
16645,2392.0557
16646,1143.2709
16647,1003.9356
16648,643.30334
16649,1801.0519
16650,750.9872
16651,765.47156
16652,5057.261
16653,1213.2292
16654,875.0052
16655,1771.1403
16656,581.6653
16657,4545.2637
16658,1062.8851
16659,902.13275
16660,766.7891
16661,747.71265
16662,883.7343
16663,500.6086
16664,3332.2654
16665,1265.3508
16666,666.12683
16667,362.96945
16668,393.00256
16669,916.3607
16670,840.4439
16671,533.61
16672,511.8063
16673,596.3697
16674,1681.708
16675,1645.564
16676,1134.692
16677,3664.225
16678,3377.2866
16679,2110.5813
16680,2220.5623
16681,869.5598
16682,461.61942
16683,2576.7148
16684,1612.9221
16685,460.62912
16686,516.1939
16687,1066.7736
16688,1491.6718
16689,2420.8186
16690,486.5538
16691,1115.1921
16692,1388.8279
16693,1793.1107
16694,1680.0399
16695,1195.4719
16696,1283.4468
16697,1164.9775
16698,985.42737
16699,1997.1691
16700,1990.4298
16701,1095.354
16702,876.099
16703,446.62775
16704,337.6714
16705,1358.373
16706,950.218
16707,956.0534
16708,412.46893
16709,452.42413
16710,554.0305
16711,1424.8715
16712,1036.5073
16713,546.1763
16714,2246.3145
16715,3011.107
16716,470.64975
16717,1378.1975
16718,540.19434
16719,1376.2969
16720,395.688
16721,819.23425
16722,729.93713
16723,571.58136
16724,387.97064
16725,498.51892
16726,1409.1388
16727,2375.2224
16728,1177.3358
16729,753.9127
16730,1213.2189
16731,1730.5188
16732,487.72693
16733,891.6365
16734,1953.6467
16735,928.36426
16736,1339.883
16737,524.53217
16738,1451.4441
16739,902.13275
16740,3267.0586
16741,358.814
16742,2475.071
16743,560.37604
16744,1262.1226
16745,591.9202
16746,356.69482
16747,792.7737
16748,970.46814
16749,199.76938
16750,607.4136
16751,2127.9058
16752,1555.534
16753,1845.8423
16754,747.56165
16755,1100.6799
16756,496.64267
16757,220.38406
16758,1768.4526
16759,1395.7812
16760,953.66595
16761,667.7037
16762,455.16876
16763,875.1042
16764,371.59894
16765,840.08246
16766,731.42065
16767,449.84262
16768,2502.794
16769,323.4281
16770,884.3813
16771,209.4885
16772,433.75156
16773,888.40234
16774,1809.1412
16775,1010.3797
16776,1177.3358
16777,802.5284
16778,3912.3164
16779,653.98193
16780,6764.507
16781,2054.9727
16782,787.3453
16783,441.27625
16784,878.1835
16785,943.84674
16786,2725.5903
16787,7714.458
16788,1074.0819
16789,2156.2139
16790,1483.0234
16791,4207.9595
16792,927.76666
16793,1994.7722
16794,360.05093
16795,1230.2739
16796,1727.6075
16797,531.92865
16798,532.75824
16799,381.2832
16800,341.9995
16801,2936.3774
16802,782.89545
16803,491.51523
16804,2183.223
16805,407.8737
16806,1017.43463
16807,836.84015
16808,797.96545
16809,277.16165
16810,591.4121
16811,2166.7378
16812,1101.4613
16813,2098.309
16814,480.20868
16815,628.84796
16816,415.48337
16817,416.592
16818,1221.6041
16819,714.0779
16820,654.52814
16821,2131.7212
16822,452.22656
16823,484.80057
16824,356.95026
16825,1797.2192
16826,954.9665
16827,639.90796
16828,194.00516
16829,457.99652
16830,486.02008
16831,1539.6514
16832,1878.2089
16833,558.5953
16834,2503.9702
16835,1523.4844
16836,915.09784
16837,771.2252
16838,971.8621
16839,2339.9346
16840,946.9967
16841,926.57874
16842,193.65083
16843,726.05115
16844,471.57724
16845,537.0977
16846,1122.2168
16847,4102.73
16848,4010.1987
16849,491.01382
16850,2474.601
16851,2348.39
16852,404.11536
16853,1162.6436
16854,465.54556
16855,1826.8047
16856,466.90103
16857,1247.6741
16858,1092.2942
16859,842.903
16860,193.40326
16861,2319.8818
16862,2127.9058
16863,1122.8918
16864,658.5093
16865,1606.5918
16866,5434.973
16867,3298.0408
16868,2736.993
16869,420.8115
16870,904.00244
16871,536.1817
16872,3075.716
16873,948.6721
16874,1522.456
16875,1307.5823
16876,613.5283
16877,703.0414
16878,969.39777
16879,2413.9778
16880,2276.9875
16881,1827.1821
16882,652.4758
16883,402.55923
16884,933.005
16885,1401.5543
16886,640.28674
16887,274.7664
16888,1036.9907
16889,1742.7002
16890,1161.7395
16891,677.4985
16892,519.20715
16893,828.86255
16894,1007.57776
16895,918.3506
16896,3125.324
16897,1146.447
16898,1464.4756
16899,491.27457
16900,2118.671
16901,1292.8328
16902,1189.3658
16903,597.8687
16904,821.0216
16905,3876.4824
16906,970.46814
16907,1136.0759
16908,1098.2787
16909,231.28491
16910,2883.9456
16911,1279.1484
16912,1729.4333
16913,1712.9437
16914,1063.1108
16915,1057.0802
16916,2702.1565
16917,1809.8267
16918,2144.466
16919,1322.8022
16920,858.5362
16921,1485.5057
16922,410.20667
16923,2609.8364
16924,2475.3403
16925,324.77383
16926,597.73883
16927,591.019
16928,1609.9513
16929,589.4977
16930,483.33252
16931,888.9229
16932,526.284
16933,783.57153
16934,1613.9453
16935,2736.993
16936,3038.5667
16937,1752.1687
16938,1842.7705
16939,1429.0972
16940,978.77167
16941,540.4277
16942,1066.2869
16943,1388.6814
16944,352.47327
16945,948.26556
16946,1768.2603
16947,988.8538
16948,622.8192
16949,622.14703
16950,2266.6829
16951,1824.7255
16952,515.9555
16953,251.69318
16954,3589.342
16955,591.4121
16956,972.58374
16957,1404.2742
16958,1073.8549
16959,1637.1406
16960,521.16156
16961,2996.358
16962,799.2866
16963,2343.6177
16964,474.8379
16965,828.9274
16966,1414.5559
16967,1838.4719
16968,1979.4545
16969,737.7943
16970,2361.1912
16971,1337.7448
16972,446.94717
16973,1928.721
16974,839.803
16975,2700.1091
16976,659.689
16977,1676.2063
16978,2386.4094
16979,745.64056
16980,943.84674
16981,3532.6543
16982,1048.9924
16983,2137.2075
16984,750.2725
16985,517.98645
16986,1063.2783
16987,416.9743
16988,549.6661
16989,647.92896
16990,1021.7225
16991,1288.3381
16992,1535.23
16993,1015.10535
16994,445.77966
16995,497.02533
16996,1084.5111
16997,819.32495
16998,808.29706
16999,443.62952
17000,1262.6008
17001,768.8975
17002,659.5
17003,534.27014
17004,1765.8499
17005,4847.7485
17006,878.3533
17007,1809.8267
17008,328.24496
17009,2088.5706
17010,1136.1508
17011,2766.6177
17012,4269.7705
17013,2393.849
17014,1422.3878
17015,1157.1959
17016,1434.9512
17017,1924.0302
17018,1124.5491
17019,723.0112
17020,1924.0302
17021,864.4346
17022,527.3882
17023,1189.3658
17024,748.7437
17025,1457.4556
17026,1175.2156
17027,589.1925
17028,370.8856
17029,2725.0613
17030,960.5678
17031,668.76825
17032,2015.393
17033,1444.4114
17034,464.14392
17035,589.58777
17036,2071.4377
17037,954.99524
17038,1882.8312
17039,2741.4773
17040,893.8931
17041,3109.212
17042,2887.9941
17043,347.27206
17044,1649.4393
17045,360.10913
17046,1522.456
17047,3093.056
17048,530.68494
17049,1358.3329
17050,3070.0642
17051,706.6369
17052,362.2544
17053,572.9353
17054,422.62277
17055,409.07135
17056,1553.4387
17057,932.7677
17058,2741.4773
17059,1280.3606
17060,1980.707
17061,439.46817
17062,3343.8342
17063,2039.8845
17064,923.1687
17065,4131.3125
17066,492.94022
17067,711.5561
17068,310.6906
17069,3463.4614
17070,1312.8292
17071,3844.6606
17072,932.10315
17073,2263.3086
17074,1240.3145
17075,528.6659
17076,1726.4927
17077,700.17554
17078,1303.1515
17079,4132.0654
17080,1424.9231
17081,2049.351
17082,827.8146
17083,1060.2281
17084,1252.1805
17085,3219.3574
17086,985.42737
17087,382.10474
17088,922.2455
17089,566.4741
17090,3721.9617
17091,970.46814
17092,912.8876
17093,568.83966
17094,523.73566
17095,982.348
17096,1806.4166
17097,3091.2476
17098,1130.3037
17099,503.39374
17100,1786.1886
17101,3517.1663
17102,1589.9233
17103,2908.692
17104,1756.8094
17105,708.5994
17106,905.09186
17107,253.01567
17108,357.26886
17109,347.15915
17110,1067.9274
17111,1317.5552
17112,311.10272
17113,267.48868
17114,2425.1646
17115,792.7737
17116,428.8142
17117,1740.6145
17118,1329.3442
17119,1812.7554
17120,724.20264
17121,574.7013
17122,2280.3987
17123,1040.8258
17124,573.6492
17125,675.19006
17126,640.1155
17127,316.85953
17128,3170.6943
17129,1568.6833
17130,387.31793
17131,2650.2961
17132,2014.9229
17133,1485.218
17134,1586.2665
17135,909.652
17136,879.5697
17137,474.97018
17138,824.7152
17139,1060.1194
17140,3242.5542
17141,374.12164
17142,1212.0608
17143,652.12006
17144,2029.958
17145,769.11523
17146,1030.1056
17147,2998.4482
17148,1195.7047
17149,810.35657
17150,1598.8918
17151,3240.8472
17152,433.60107
17153,463.2673
17154,1058.5863
17155,2806.397
17156,1135.535
17157,1611.0554
17158,1400.1799
17159,740.3401
17160,928.01917
17161,6921.4336
17162,965.6482
17163,1752.1594
17164,1662.8757
17165,2219.7427
17166,615.44836
17167,956.0534
17168,3706.0327
17169,249.48592
17170,3998.598
17171,263.1631
17172,978.77167
17173,2419.2
17174,1211.7682
17175,899.8867
17176,5057.261
17177,1180.7012
17178,896.0237
17179,3070.4653
17180,402.55923
17181,511.0161
17182,3668.5654
17183,587.67645
17184,480.1277
17185,985.42737
17186,751.43335
17187,693.6167
17188,3876.4824
17189,1663.767
17190,1633.4001
17191,628.76117
17192,2286.993
17193,1384.8882
17194,3231.3818
17195,2080.0173
17196,671.70715
17197,2245.379
17198,384.83875
17199,1113.138
17200,528.0447
17201,2794.8213
17202,4207.9595
17203,461.92328
17204,1090.5101
17205,1226.4373
17206,479.22003
17207,3043.6611
17208,1809.0428
17209,385.74796
17210,2032.0054
17211,979.01886
17212,816.05005
17213,224.96027
17214,2612.998
17215,1017.355
17216,2263.815
17217,453.78528
17218,1887.9763
17219,404.709
17220,302.31308
17221,3079.668
17222,645.9075
17223,431.69666
17224,304.7271
17225,1263.4441
17226,1446.0051
17227,1449.2261
17228,753.74
17229,699.74835
17230,687.4199
17231,306.054
17232,509.88403
17233,1099.4938
17234,801.0875
17235,869.12195
17236,1437.7139
17237,1036.5073
17238,332.61942
17239,836.84015
17240,267.8879
17241,3286.2822
17242,407.11694
17243,651.1006
17244,2347.0144
17245,738.732
17246,743.6509
17247,2057.4111
17248,861.4462
17249,1014.0922
17250,931.8736
17251,649.84467
17252,394.7184
17253,435.41296
17254,611.3967
17255,4275.093
17256,4935.071
17257,1894.9681
17258,710.65796
17259,742.3744
17260,809.4892
17261,916.3607
17262,316.51505
17263,762.5521
17264,2390.039
17265,351.2954
17266,3419.3262
17267,2014.7325
17268,377.80832
17269,269.51706
17270,401.17496
17271,649.84467
17272,1408.3496
17273,2155.1628
17274,403.06854
17275,584.323
17276,1558.9653
17277,413.7588
17278,454.6305
17279,2969.3008
17280,511.8041
17281,334.4803
17282,674.9206
17283,3442.8599
17284,599.0521
17285,974.749
17286,1058.5863
17287,4424.813
17288,634.60815
17289,346.15656
17290,3120.3608
17291,1175.4056
17292,1568.6833
17293,5658.1523
17294,2185.8542
17295,521.22504
17296,658.8179
17297,1502.6395
17298,493.1261
17299,363.7163
17300,1826.1669
17301,353.3993
17302,482.78595
17303,785.64124
17304,2194.4229
17305,1946.4293
17306,894.51337
17307,1680.0399
17308,1252.1985
17309,697.3629
17310,4868.565
17311,256.17578
17312,377.9946
17313,509.94202
17314,747.27185
17315,764.5434
17316,940.9802
17317,974.50946
17318,835.25476
17319,2501.5383
17320,327.72885
17321,201.11772
17322,464.29764
17323,1481.8937
17324,678.40234
17325,2543.6133
17326,509.8263
17327,1152.8374
17328,787.1194
17329,2117.829
17330,4558.3936
17331,425.0468
17332,1092.9846
17333,1036.8042
17334,1234.1562
17335,1701.8396
17336,265.35495
17337,902.94965
17338,328.36133
17339,1922.2476
17340,907.43445
17341,1014.4824
17342,3093.056
17343,956.0534
17344,1287.9183
17345,684.76807
17346,1902.5566
17347,1387.7805
17348,352.83417
17349,1531.6543
17350,670.4227
17351,631.85455
17352,705.4953
17353,1329.9203
17354,948.39545
17355,623.50854
17356,2690.705
17357,600.18024
17358,986.0635
17359,1444.6533
17360,3130.8804
17361,1801.1902
17362,3358.793
17363,2444.8672
17364,2012.6757
17365,1390.7935
17366,3583.4712
17367,1259.2678
17368,3046.2783
17369,4349.359
17370,539.0783
17371,534.60614
17372,1065.9785
17373,439.46817
17374,712.3043
17375,1289.4749
17376,254.42082
17377,2285.4507
17378,842.0122
17379,1205.0619
17380,3827.305
17381,4879.5977
17382,395.39868
17383,2199.0664
17384,1080.5106
17385,1015.3006
17386,1388.6814
17387,712.10944
17388,6477.1406
17389,264.78732
17390,3360.934
17391,1315.3602
17392,1563.0463
17393,1362.4791
17394,526.04016
17395,3139.8418
17396,1474.5054
17397,3362.9287
17398,1322.6237
17399,1354.187
17400,707.9585
17401,908.5714
17402,3437.058
17403,3188.5908
17404,444.85794
17405,446.03113
17406,1010.3797
17407,665.8794
17408,5439.61
17409,492.73914
17410,868.317
17411,795.0965
17412,959.3526
17413,2054.9727
17414,1071.3734
17415,4016.895
17416,1944.3281
17417,767.41833
17418,970.46814
17419,467.24988
17420,1234.9127
17421,664.4782
17422,385.54276
17423,1115.1245
17424,1603.2615
17425,1745.3562
17426,1143.0853
17427,2252.9443
17428,3313.569
17429,891.45734
17430,875.7875
17431,1305.1443
17432,508.36035
17433,1532.7078
17434,2110.5813
17435,4591.4766
17436,347.1397
17437,3118.2986
17438,358.6435
17439,525.8638
17440,210.19568
17441,842.57996
17442,848.917
17443,3630.3545
17444,1502.4115
17445,1967.167
17446,897.7234
17447,409.00098
17448,823.7307
17449,1324.1614
17450,1013.424
17451,4313.751
17452,2321.8647
17453,287.7088
17454,401.87112
17455,3929.3303
17456,589.58777
17457,833.2172
17458,985.42737
17459,823.676
17460,6674.5234
17461,3380.536
17462,1344.6362
17463,1399.6428
17464,1590.4006
17465,301.98987
17466,466.28052
17467,803.1455
17468,1409.5476
17469,654.5572
17470,968.0748
17471,875.1042
17472,584.323
17473,1213.9857
17474,392.55606
17475,364.66763
17476,910.57086
17477,416.11957
17478,498.417
17479,3846.08
17480,890.65894
17481,442.12317
17482,317.83316
17483,1584.2288
17484,267.5235
17485,1892.5215
17486,1363.9773
17487,619.6647
17488,6086.171
17489,3152.243
17490,942.91455
17491,465.19287
17492,547.7301
17493,1009.2581
17494,545.13983
17495,2976.5754
17496,9567.275
17497,4509.14
17498,2883.555
17499,742.51306
17500,1939.6743
17501,901.45215
17502,3240.3958
17503,572.4574
17504,1128.0404
17505,560.1515
17506,473.37573
17507,822.67664
17508,3522.0212
17509,1399.6428
17510,1042.355
17511,1195.8606
17512,1501.7278
17513,5781.266
17514,1109.3395
17515,670.76025
17516,3898.4058
17517,1307.8812
17518,839.20544
17519,572.6037
17520,2039.8845
17521,1803.6333
17522,375.33582
17523,2465.2473
17524,458.4958
17525,460.0796
17526,1176.8016
17527,1530.9602
17528,957.2324
17529,995.34894
17530,435.04187
17531,1225.4445
17532,640.83704
17533,729.765
17534,412.5403
17535,5057.261
17536,1036.5073
17537,1323.7628
17538,1951.6113
17539,2462.7202
17540,4681.787
17541,2883.555
17542,1031.3129
17543,1058.5863
17544,2174.3774
17545,908.4001
17546,416.336
17547,1924.0302
17548,2628.9475
17549,1418.2361
17550,528.2178
17551,1051.2378
17552,372.15973
17553,821.8236
17554,1362.7256
17555,340.53717
17556,1213.2292
17557,2884.123
